CREATE DATABASE  IF NOT EXISTS `kangwedance` /*!40100 DEFAULT CHARACTER SET utf8mb4 COLLATE utf8mb4_0900_ai_ci */ /*!80016 DEFAULT ENCRYPTION='N' */;
USE `kangwedance`;
-- MySQL dump 10.13  Distrib 8.0.31, for Win64 (x86_64)
--
-- Host: j8a606.p.ssafy.io    Database: kangwedance
-- ------------------------------------------------------
-- Server version	8.0.32-0ubuntu0.20.04.2

/*!40101 SET @OLD_CHARACTER_SET_CLIENT=@@CHARACTER_SET_CLIENT */;
/*!40101 SET @OLD_CHARACTER_SET_RESULTS=@@CHARACTER_SET_RESULTS */;
/*!40101 SET @OLD_COLLATION_CONNECTION=@@COLLATION_CONNECTION */;
/*!50503 SET NAMES utf8 */;
/*!40103 SET @OLD_TIME_ZONE=@@TIME_ZONE */;
/*!40103 SET TIME_ZONE='+00:00' */;
/*!40014 SET @OLD_UNIQUE_CHECKS=@@UNIQUE_CHECKS, UNIQUE_CHECKS=0 */;
/*!40014 SET @OLD_FOREIGN_KEY_CHECKS=@@FOREIGN_KEY_CHECKS, FOREIGN_KEY_CHECKS=0 */;
/*!40101 SET @OLD_SQL_MODE=@@SQL_MODE, SQL_MODE='NO_AUTO_VALUE_ON_ZERO' */;
/*!40111 SET @OLD_SQL_NOTES=@@SQL_NOTES, SQL_NOTES=0 */;

--
-- Table structure for table `bodyRecord`
--

DROP TABLE IF EXISTS `bodyRecord`;
/*!40101 SET @saved_cs_client     = @@character_set_client */;
/*!50503 SET character_set_client = utf8mb4 */;
CREATE TABLE `bodyRecord` (
  `body_record_idx` int NOT NULL AUTO_INCREMENT,
  `child_idx` int NOT NULL,
  `weight` double NOT NULL,
  `height` double NOT NULL,
  `bmi` double NOT NULL,
  `today_calrories` double DEFAULT '0',
  `record_date` date NOT NULL DEFAULT (curdate()),
  PRIMARY KEY (`body_record_idx`),
  KEY `fk_bodyRecord_children1_idx` (`child_idx`)
) ENGINE=InnoDB AUTO_INCREMENT=215 DEFAULT CHARSET=utf8mb4 COLLATE=utf8mb4_0900_ai_ci;
/*!40101 SET character_set_client = @saved_cs_client */;

--
-- Dumping data for table `bodyRecord`
--

LOCK TABLES `bodyRecord` WRITE;
/*!40000 ALTER TABLE `bodyRecord` DISABLE KEYS */;
INSERT INTO `bodyRecord` VALUES (18,24,0,0,0,0,'2023-03-22'),(20,26,75,181,22.9,0,'2023-03-22'),(21,27,75,181,22.9,0,'2023-03-22'),(22,28,75,181,22.9,0,'2023-03-22'),(23,29,75,181,22.9,0,'2023-03-22'),(24,30,75,181,22.9,0,'2023-03-22'),(25,31,17,81,25.9,0,'2023-03-22'),(26,32,7,18,216,0,'2023-03-22'),(27,33,11,18,339.5,0,'2023-03-22'),(28,34,10,170,3.5,0,'2023-03-22'),(29,35,11,18,339.5,0,'2023-03-22'),(30,36,75,181,22.9,0,'2023-03-22'),(31,37,75,181,22.9,0,'2023-03-22'),(32,38,75,181,22.9,0,'2023-03-22'),(33,39,75,181,22.9,0,'2023-03-22'),(34,40,75,181,22.9,0,'2023-03-22'),(35,41,75,181,22.9,0,'2023-03-22'),(36,42,11,18,339.5,0,'2023-03-22'),(37,43,11,18,339.5,0,'2023-03-22'),(38,44,11,18,339.5,0,'2023-03-22'),(54,59,100,100,100,0,'2023-03-24'),(55,60,78,179,24.3,0,'2023-03-24'),(56,61,20,123,13.2,0,'2023-03-24'),(57,62,45,30,500,0,'2023-03-24'),(60,11,3,111,11,0,'2023-03-28'),(61,11,3,2,2,0,'2023-03-28'),(62,11,3,26,26,26,'2023-03-28'),(63,64,52,165,19.1,0,'2023-03-27'),(69,70,111,180,34.3,0,'2023-03-27'),(71,72,18,181,5.5,0,'2023-03-27'),(72,73,75,18,2314.8,0,'2023-03-27'),(73,74,111,181,33.9,0,'2023-03-27'),(80,81,33,130,19.5,0,'2023-03-27'),(81,82,45,154,19,0,'2023-03-27'),(83,84,29.3,135.5,15.96,0,'2023-03-27'),(86,85,10,100,10,0,'2023-03-28'),(107,60,25,130,14.8,1000,'2023-03-27'),(108,60,25,130,14.8,1000,'2023-03-28'),(117,94,35.4,132.5,20.16,0,'2022-10-01'),(118,94,32.7,133.1,18.46,0,'2022-11-01'),(119,94,31.7,133.7,17.73,0,'2022-12-01'),(120,94,29.9,134.3,16.58,0,'2023-01-01'),(121,94,32.5,134.9,17.86,0,'2023-02-01'),(122,94,30.5,135,16.74,0,'2023-02-15'),(123,94,29,135.5,15.79,0,'2023-03-29'),(124,98,19,110,15.7,0,'2023-03-30'),(127,94,29,133,16.4,0,'2023-03-30'),(128,59,90,180,27.8,0,'2023-03-30'),(129,85,41,154,17.3,0,'2023-03-30'),(131,81,35,140,17.9,0,'2023-03-30'),(134,101,50,185,14.6,0,'2023-03-31'),(135,102,31,123,20.5,0,'2023-03-31'),(136,81,23,123,15.2,0,'2023-04-01'),(138,104,33,130,19.5,0,'2023-04-02'),(140,106,70,176,22.6,0,'2023-04-03'),(141,85,23,123,15.2,0,'2023-04-03'),(146,111,9.223372036854776e18,1e81,0,0,'2023-04-03'),(147,112,70,176,22.6,0,'2023-04-03'),(148,113,104,197,26.8,0,'2023-04-03'),(149,59,80,180,24.7,0,'2023-04-03'),(173,59,51,150,22.7,0,'2023-04-04'),(177,98,22,118,17.95,0,'2023-01-04'),(178,98,18,109,13.46,0,'2022-12-04'),(179,98,16,103,13.77,0,'2022-11-04'),(183,98,23,123,15.2,0,'2023-04-04'),(184,94,33,135,18.1,0,'2023-04-04'),(185,98,23,123,15.38,0,'2022-10-03'),(187,102,40,150,17.8,0,'2023-04-04'),(188,141,33,130,19.5,0,'2023-03-31'),(189,141,50,150,22.2,0,'2023-04-04'),(190,82,23,123,15.2,0,'2023-04-04'),(191,142,23,123,15.2,0,'2023-04-04'),(192,143,11,111,8.9,0,'2023-04-04'),(195,84,30,140,15.3,0,'2023-04-05'),(196,60,26,131,15.2,0,'2023-04-05'),(197,146,11,111,8.9,0,'2023-04-05'),(198,147,31,131,18.1,0,'2023-04-06'),(199,148,80,200,20,0,'2023-04-06'),(203,152,18,108,15.4,0,'2023-04-06'),(204,94,33.9,135.1,18.6,0,'2023-04-06'),(209,152,16.5,104,15.25,0,'2022-12-06'),(210,152,17,104.5,15.56,0,'2023-01-06'),(211,152,17.7,104.7,16.14,0,'2023-02-06'),(212,152,18,106.2,15.95,0,'2023-03-06'),(213,152,16,103.2,15.02,0,'2022-11-06');
/*!40000 ALTER TABLE `bodyRecord` ENABLE KEYS */;
UNLOCK TABLES;

--
-- Table structure for table `children`
--

DROP TABLE IF EXISTS `children`;
/*!40101 SET @saved_cs_client     = @@character_set_client */;
/*!50503 SET character_set_client = utf8mb4 */;
CREATE TABLE `children` (
  `child_idx` int NOT NULL AUTO_INCREMENT,
  `parent_idx` int NOT NULL,
  `nickname` varchar(45) NOT NULL,
  `profile_image_url` varchar(200) DEFAULT NULL,
  `gender` tinyint NOT NULL,
  `birth_date` date NOT NULL,
  `deleted_flag` tinyint NOT NULL DEFAULT '0',
  PRIMARY KEY (`child_idx`),
  KEY `fk_children_parent_idx` (`parent_idx`)
) ENGINE=InnoDB AUTO_INCREMENT=154 DEFAULT CHARSET=utf8mb4 COLLATE=utf8mb4_0900_ai_ci;
/*!40101 SET character_set_client = @saved_cs_client */;

--
-- Dumping data for table `children`
--

LOCK TABLES `children` WRITE;
/*!40000 ALTER TABLE `children` DISABLE KEYS */;
INSERT INTO `children` VALUES (0,1,'동찬123','https://d3qb4vbeyp8phu.cloudfront.net/기본+프로필+이미지.png',0,'2023-03-01',0),(14,1,'빵삥뽕','https://d3qb4vbeyp8phu.cloudfront.net/기본+프로필+이미지.png',0,'1111-11-11',0),(15,2,'뿡삥빵','https://d3qb4vbeyp8phu.cloudfront.net/기본+프로필+이미지.png',1,'1234-12-12',0),(59,8,'서영이','https://d3qb4vbeyp8phu.cloudfront.net/기본+프로필+이미지.png',0,'2023-03-07',0),(60,10,'서용이','https://d3qb4vbeyp8phu.cloudfront.net/기본+프로필+이미지.png',0,'1996-03-14',0),(61,11,'루루뽕','https://d3qb4vbeyp8phu.cloudfront.net/기본+프로필+이미지.png',1,'2023-02-13',0),(62,9,'두부','https://d3qb4vbeyp8phu.cloudfront.net/기본+프로필+이미지.png',0,'2022-08-09',0),(64,10,'사랑이','https://d3qb4vbeyp8phu.cloudfront.net/기본+프로필+이미지.png',1,'2000-03-23',0),(70,7,'첫째몬','https://d3qb4vbeyp8phu.cloudfront.net/기본+프로필+이미지.png',0,'2023-03-02',0),(72,12,'동찬111','https://d3qb4vbeyp8phu.cloudfront.net/기본+프로필+이미지.png',0,'2023-03-22',0),(73,13,'첫째','https://d3qb4vbeyp8phu.cloudfront.net/기본+프로필+이미지.png',0,'2023-03-02',0),(74,14,'동찬111수정','https://d3qb4vbeyp8phu.cloudfront.net/기본+프로필+이미지.png',1,'2023-03-10',0),(81,17,'네이버첫째','https://d3qb4vbeyp8phu.cloudfront.net/기본+프로필+이미지.png',0,'2023-03-01',0),(82,18,' 유경이','https://d3qb4vbeyp8phu.cloudfront.net/기본+프로필+이미지.png',1,'2020-02-29',0),(84,20,'믕지','https://d3qb4vbeyp8phu.cloudfront.net/기본+프로필+이미지.png',1,'2023-02-27',0),(85,19,'이유경','https://d3qb4vbeyp8phu.cloudfront.net/기본+프로필+이미지.png',1,'2023-03-28',0),(94,16,'첫째몬','https://d3qb4vbeyp8phu.cloudfront.net/images/c0416b31-104a-4109-b871-60dd38841f21.jpeg',1,'2012-03-02',0),(98,21,'승현이','https://d3qb4vbeyp8phu.cloudfront.net/images/978f7bc2-1a01-4592-89a1-c77c2fddb793.png',0,'2017-02-16',0),(101,22,'이유경','https://d3qb4vbeyp8phu.cloudfront.net/기본+프로필+이미지.png',1,'2023-02-27',0),(102,16,'둘째몬','https://d3qb4vbeyp8phu.cloudfront.net/images/96bcc183-cf98-4feb-b572-1fc4595dacb1.jpeg',1,'2023-03-02',0),(104,17,'둘째네이버몬','https://d3qb4vbeyp8phu.cloudfront.net/기본+프로필+이미지.png',0,'2023-04-03',0),(106,23,'영차앵차','https://d3qb4vbeyp8phu.cloudfront.net/기본+프로필+이미지.png',0,'2023-04-03',0),(111,26,'민주','https://d3qb4vbeyp8phu.cloudfront.net/기본+프로필+이미지.png',1,'2023-05-18',0),(112,23,'영차영차앵차',NULL,0,'1996-10-14',0),(113,26,'마동석','https://d3qb4vbeyp8phu.cloudfront.net/images/1c9fff3b-2c24-42da-a1eb-41056d114bd4.jpeg',0,'1989-02-02',0),(141,16,'셋째',NULL,0,'2023-04-01',0),(142,27,'애기원','https://d3qb4vbeyp8phu.cloudfront.net/기본+프로필+이미지.png',0,'2017-03-04',0),(143,24,'카카오유저입니다','https://d3qb4vbeyp8phu.cloudfront.net/기본+프로필+이미지.png',0,'2023-04-04',0),(146,15,'몰랑','https://d3qb4vbeyp8phu.cloudfront.net/기본+프로필+이미지.png',0,'2023-04-05',0),(147,29,'고구마','https://d3qb4vbeyp8phu.cloudfront.net/기본+프로필+이미지.png',0,'2015-01-06',0),(148,30,'최강태형','https://d3qb4vbeyp8phu.cloudfront.net/기본+프로필+이미지.png',0,'1994-09-16',0),(152,21,'유경이','https://d3qb4vbeyp8phu.cloudfront.net/images/6c7b9d1f-ad1b-4c90-89d7-b6fea26d23f1.png',0,'2017-02-25',0);
/*!40000 ALTER TABLE `children` ENABLE KEYS */;
UNLOCK TABLES;

--
-- Table structure for table `heightByAge`
--

DROP TABLE IF EXISTS `heightByAge`;
/*!40101 SET @saved_cs_client     = @@character_set_client */;
/*!50503 SET character_set_client = utf8mb4 */;
CREATE TABLE `heightByAge` (
  `gender` bigint DEFAULT NULL,
  `age` bigint DEFAULT NULL,
  `age_month` bigint DEFAULT NULL,
  `percentile_1th` double DEFAULT NULL,
  `percentile_3th` double DEFAULT NULL,
  `percentile_5th` double DEFAULT NULL,
  `percentile_10th` double DEFAULT NULL,
  `percentile_15th` double DEFAULT NULL,
  `percentile_25th` double DEFAULT NULL,
  `percentile_50th` double DEFAULT NULL,
  `percentile_75th` double DEFAULT NULL,
  `percentile_85th` double DEFAULT NULL,
  `percentile_90th` double DEFAULT NULL,
  `percentile_95th` double DEFAULT NULL,
  `percentile_97th` double DEFAULT NULL,
  `percentile_99th` double DEFAULT NULL
) ENGINE=InnoDB DEFAULT CHARSET=utf8mb4 COLLATE=utf8mb4_0900_ai_ci;
/*!40101 SET character_set_client = @saved_cs_client */;

--
-- Dumping data for table `heightByAge`
--

LOCK TABLES `heightByAge` WRITE;
/*!40000 ALTER TABLE `heightByAge` DISABLE KEYS */;
INSERT INTO `heightByAge` VALUES (1,0,0,45.5,46.3,46.8,47.5,47.9,48.6,49.9,51.2,51.8,52.3,53,53.4,54.3),(1,0,1,50.2,51.1,51.5,52.2,52.7,53.4,54.7,56,56.7,57.2,57.9,58.4,59.3),(1,0,2,53.8,54.7,55.1,55.9,56.4,57.1,58.4,59.8,60.5,61,61.7,62.2,63.1),(1,0,3,56.7,57.6,58.1,58.8,59.3,60.1,61.4,62.8,63.5,64,64.8,65.3,66.2),(1,0,4,59,60,60.5,61.2,61.7,62.5,63.9,65.3,66,66.6,67.3,67.8,68.7),(1,0,5,61,61.9,62.4,63.2,63.7,64.5,65.9,67.3,68.1,68.6,69.4,69.9,70.8),(1,0,6,62.6,63.6,64.1,64.9,65.4,66.2,67.6,69.1,69.8,70.4,71.1,71.6,72.6),(1,0,7,64.1,65.1,65.6,66.4,66.9,67.7,69.2,70.6,71.4,71.9,72.7,73.2,74.2),(1,0,8,65.5,66.5,67,67.8,68.3,69.1,70.6,72.1,72.9,73.4,74.2,74.7,75.7),(1,0,9,66.8,67.7,68.3,69.1,69.6,70.5,72,73.5,74.3,74.8,75.7,76.2,77.2),(1,0,10,68,69,69.5,70.4,70.9,71.7,73.3,74.8,75.6,76.2,77,77.6,78.6),(1,0,11,69.1,70.2,70.7,71.6,72.1,73,74.5,76.1,77,77.5,78.4,78.9,80),(1,1,12,70.2,71.3,71.8,72.7,73.3,74.1,75.7,77.4,78.2,78.8,79.7,80.2,81.3),(1,1,13,71.3,72.4,72.9,73.8,74.4,75.3,76.9,78.6,79.4,80,80.9,81.5,82.6),(1,1,14,72.3,73.4,74,74.9,75.5,76.4,78,79.7,80.6,81.2,82.1,82.7,83.8),(1,1,15,73.3,74.4,75,75.9,76.5,77.4,79.1,80.9,81.8,82.4,83.3,83.9,85),(1,1,16,74.2,75.4,76,76.9,77.5,78.5,80.2,82,82.9,83.5,84.5,85.1,86.2),(1,1,17,75.1,76.3,76.9,77.9,78.5,79.5,81.2,83,84,84.6,85.6,86.2,87.4),(1,1,18,76,77.2,77.8,78.8,79.5,80.4,82.3,84.1,85.1,85.7,86.7,87.3,88.5),(1,1,19,76.8,78.1,78.7,79.7,80.4,81.4,83.2,85.1,86.1,86.8,87.8,88.4,89.7),(1,1,20,77.7,78.9,79.6,80.6,81.3,82.3,84.2,86.1,87.1,87.8,88.8,89.5,90.7),(1,1,21,78.4,79.7,80.4,81.5,82.2,83.2,85.1,87.1,88.1,88.8,89.9,90.5,91.8),(1,1,22,79.2,80.5,81.2,82.3,83,84.1,86,88,89.1,89.8,90.9,91.6,92.9),(1,1,23,80,81.3,82,83.1,83.8,84.9,86.9,89,90,90.8,91.9,92.6,93.9),(1,2,24,80,81.4,82.1,83.2,83.9,85.1,87.1,89.2,90.3,91,92.1,92.9,94.2),(1,2,25,80.7,82.1,82.8,84,84.7,85.9,88,90.1,91.2,92,93.1,93.8,95.2),(1,2,26,81.4,82.8,83.6,84.7,85.5,86.7,88.8,90.9,92.1,92.9,94,94.8,96.2),(1,2,27,82.1,83.5,84.3,85.5,86.3,87.4,89.6,91.8,93,93.8,94.9,95.7,97.1),(1,2,28,82.8,84.2,85,86.2,87,88.2,90.4,92.6,93.8,94.6,95.8,96.6,98.1),(1,2,29,83.4,84.9,85.7,86.9,87.7,88.9,91.2,93.4,94.7,95.5,96.7,97.5,99),(1,2,30,84,85.5,86.3,87.6,88.4,89.6,91.9,94.2,95.5,96.3,97.5,98.3,99.9),(1,2,31,84.6,86.2,87,88.2,89.1,90.3,92.7,95,96.2,97.1,98.4,99.2,100.7),(1,2,32,85.2,86.8,87.6,88.9,89.7,91,93.4,95.7,97,97.9,99.2,100,101.5),(1,2,33,85.8,87.4,88.2,89.5,90.4,91.7,94.1,96.5,97.8,98.6,99.9,100.8,102.4),(1,2,34,86.4,88,88.8,90.1,91,92.3,94.8,97.2,98.5,99.4,100.7,101.5,103.2),(1,2,35,86.9,88.5,89.4,90.7,91.6,93,95.4,97.9,99.2,100.1,101.4,102.3,103.9),(1,3,36,88.3,89.7,90.5,91.8,92.6,93.9,96.5,99.2,100.7,101.8,103.4,104.4,106.5),(1,3,37,88.7,90.2,91,92.3,93.2,94.5,97,99.8,101.3,102.3,103.9,105,107.1),(1,3,38,89.2,90.7,91.5,92.8,93.7,95,97.6,100.3,101.8,102.9,104.5,105.6,107.6),(1,3,39,89.7,91.2,92,93.3,94.2,95.5,98.1,100.9,102.4,103.5,105.1,106.1,108.2),(1,3,40,90.2,91.7,92.5,93.8,94.7,96.1,98.7,101.4,103,104,105.6,106.7,108.7),(1,3,41,90.6,92.2,93,94.3,95.3,96.6,99.2,102,103.5,104.6,106.2,107.2,109.3),(1,3,42,91.1,92.7,93.5,94.9,95.8,97.1,99.8,102.6,104.1,105.1,106.7,107.8,109.8),(1,3,43,91.6,93.2,94,95.4,96.3,97.7,100.3,103.1,104.6,105.7,107.3,108.4,110.4),(1,3,44,92.1,93.7,94.5,95.9,96.8,98.2,100.9,103.7,105.2,106.3,107.9,108.9,111),(1,3,45,92.5,94.2,95,96.4,97.3,98.7,101.4,104.2,105.8,106.8,108.4,109.5,111.5),(1,3,46,93,94.7,95.5,96.9,97.9,99.3,102,104.8,106.3,107.4,109,110.1,112.1),(1,3,47,93.5,95.2,96,97.4,98.4,99.8,102.5,105.3,106.9,108,109.6,110.6,112.6),(1,4,48,94,95.6,96.5,97.9,98.9,100.3,103.1,105.9,107.5,108.5,110.1,111.2,113.2),(1,4,49,94.5,96.1,97,98.5,99.4,100.9,103.6,106.5,108,109.1,110.7,111.7,113.8),(1,4,50,94.9,96.6,97.5,99,99.9,101.4,104.2,107,108.6,109.6,111.3,112.3,114.3),(1,4,51,95.4,97.1,98,99.5,100.5,101.9,104.7,107.6,109.1,110.2,111.8,112.9,114.9),(1,4,52,95.9,97.6,98.6,100,101,102.5,105.3,108.1,109.7,110.8,112.4,113.4,115.5),(1,4,53,96.4,98.1,99.1,100.5,101.5,103,105.8,108.7,110.3,111.3,112.9,114,116),(1,4,54,96.8,98.6,99.6,101,102,103.5,106.3,109.2,110.8,111.9,113.5,114.6,116.6),(1,4,55,97.3,99.1,100.1,101.5,102.5,104,106.9,109.8,111.4,112.5,114.1,115.1,117.2),(1,4,56,97.8,99.6,100.6,102,103.1,104.6,107.4,110.3,111.9,113,114.6,115.7,117.7),(1,4,57,98.3,100.1,101.1,102.6,103.6,105.1,108,110.9,112.5,113.6,115.2,116.3,118.3),(1,4,58,98.8,100.6,101.6,103.1,104.1,105.6,108.5,111.5,113.1,114.1,115.8,116.8,118.9),(1,4,59,99.2,101.1,102.1,103.6,104.6,106.2,109.1,112,113.6,114.7,116.3,117.4,119.4),(1,5,60,99.7,101.6,102.5,104.1,105.1,106.7,109.6,112.6,114.2,115.3,116.9,118,120),(1,5,61,100.2,102,103,104.6,105.6,107.2,110.1,113.1,114.7,115.8,117.5,118.6,120.6),(1,5,62,100.7,102.5,103.5,105.1,106.1,107.7,110.7,113.7,115.3,116.4,118.1,119.1,121.2),(1,5,63,101.1,103,104,105.6,106.6,108.2,111.2,114.2,115.8,117,118.6,119.7,121.8),(1,5,64,101.6,103.5,104.5,106.1,107.1,108.7,111.7,114.8,116.4,117.5,119.2,120.3,122.4),(1,5,65,102.1,104,105,106.6,107.7,109.2,112.2,115.3,117,118.1,119.8,120.9,123),(1,5,66,102.6,104.5,105.5,107.1,108.2,109.8,112.8,115.8,117.5,118.7,120.4,121.5,123.6),(1,5,67,103.1,105,106,107.6,108.7,110.3,113.3,116.4,118.1,119.2,120.9,122.1,124.2),(1,5,68,103.5,105.5,106.5,108.1,109.2,110.8,113.8,116.9,118.6,119.8,121.5,122.6,124.8),(1,5,69,104,105.9,107,108.6,109.7,111.3,114.4,117.5,119.2,120.3,122.1,123.2,125.4),(1,5,70,104.5,106.4,107.5,109.1,110.2,111.8,114.9,118,119.7,120.9,122.7,123.8,126),(1,5,71,105,106.9,108,109.6,110.7,112.3,115.4,118.6,120.3,121.5,123.3,124.4,126.6),(1,6,72,105.5,107.4,108.4,110.1,111.2,112.8,115.9,119.1,120.8,122,123.8,125,127.2),(1,6,73,105.9,107.9,108.9,110.5,111.6,113.3,116.4,119.6,121.4,122.6,124.4,125.6,127.8),(1,6,74,106.4,108.3,109.4,111,112.1,113.8,117,120.2,121.9,123.2,125,126.1,128.4),(1,6,75,106.9,108.8,109.9,111.5,112.6,114.3,117.5,120.7,122.5,123.7,125.5,126.7,129),(1,6,76,107.3,109.3,110.4,112,113.1,114.8,118,121.3,123,124.3,126.1,127.3,129.6),(1,6,77,107.8,109.8,110.8,112.5,113.6,115.3,118.5,121.8,123.6,124.8,126.7,127.9,130.2),(1,6,78,108.3,110.3,111.3,113,114.1,115.8,119,122.3,124.1,125.4,127.2,128.4,130.8),(1,6,79,108.7,110.7,111.8,113.5,114.6,116.3,119.5,122.8,124.7,125.9,127.8,129,131.3),(1,6,80,109.2,111.2,112.3,113.9,115.1,116.8,120,123.4,125.2,126.4,128.3,129.5,131.9),(1,6,81,109.6,111.7,112.7,114.4,115.6,117.3,120.5,123.9,125.7,127,128.9,130.1,132.4),(1,6,82,110.1,112.1,113.2,114.9,116.1,117.8,121,124.4,126.2,127.5,129.4,130.6,133),(1,6,83,110.6,112.6,113.7,115.4,116.5,118.3,121.6,124.9,126.8,128,129.9,131.2,133.6),(1,7,84,111,113.1,114.2,115.9,117,118.8,122.1,125.4,127.3,128.6,130.5,131.7,134.1),(1,7,85,111.5,113.5,114.6,116.3,117.5,119.2,122.5,126,127.8,129.1,131,132.3,134.7),(1,7,86,111.9,114,115.1,116.8,118,119.7,123,126.5,128.3,129.6,131.5,132.8,135.2),(1,7,87,112.4,114.4,115.6,117.3,118.4,120.2,123.5,127,128.8,130.1,132.1,133.3,135.8),(1,7,88,112.8,114.9,116,117.7,118.9,120.7,124,127.5,129.4,130.7,132.6,133.9,136.3),(1,7,89,113.3,115.4,116.5,118.2,119.4,121.2,124.5,128,129.9,131.2,133.1,134.4,136.8),(1,7,90,113.7,115.8,116.9,118.7,119.9,121.6,125,128.5,130.4,131.7,133.6,134.9,137.4),(1,7,91,114.2,116.3,117.4,119.1,120.3,122.1,125.5,129,130.9,132.2,134.1,135.4,137.9),(1,7,92,114.6,116.7,117.8,119.6,120.8,122.6,126,129.5,131.4,132.7,134.6,135.9,138.4),(1,7,93,115,117.1,118.3,120,121.2,123,126.5,130,131.9,133.2,135.1,136.4,138.9),(1,7,94,115.5,117.6,118.7,120.5,121.7,123.5,126.9,130.4,132.4,133.7,135.7,136.9,139.4),(1,7,95,115.9,118,119.2,121,122.2,124,127.4,130.9,132.9,134.2,136.2,137.5,139.9),(1,8,96,116.3,118.5,119.6,121.4,122.6,124.4,127.9,131.4,133.3,134.7,136.6,137.9,140.4),(1,8,97,116.7,118.9,120,121.8,123.1,124.9,128.3,131.9,133.8,135.1,137.1,138.4,140.9),(1,8,98,117.2,119.3,120.5,122.3,123.5,125.3,128.8,132.4,134.3,135.6,137.6,138.9,141.4),(1,8,99,117.6,119.8,120.9,122.7,124,125.8,129.3,132.8,134.8,136.1,138.1,139.4,141.9),(1,8,100,118,120.2,121.4,123.2,124.4,126.3,129.7,133.3,135.3,136.6,138.6,139.9,142.4),(1,8,101,118.4,120.6,121.8,123.6,124.9,126.7,130.2,133.8,135.8,137.1,139.1,140.4,142.9),(1,8,102,118.8,121,122.2,124,125.3,127.2,130.7,134.3,136.2,137.6,139.6,140.9,143.4),(1,8,103,119.3,121.5,122.6,124.5,125.7,127.6,131.1,134.7,136.7,138.1,140.1,141.4,143.9),(1,8,104,119.7,121.9,123.1,124.9,126.2,128,131.6,135.2,137.2,138.5,140.6,141.9,144.4),(1,8,105,120.1,122.3,123.5,125.4,126.6,128.5,132.1,135.7,137.7,139,141,142.4,144.9),(1,8,106,120.5,122.7,123.9,125.8,127.1,128.9,132.5,136.2,138.1,139.5,141.5,142.9,145.4),(1,8,107,120.9,123.2,124.4,126.2,127.5,129.4,133,136.6,138.6,140,142,143.4,145.9),(1,9,108,121.3,123.6,124.8,126.6,127.9,129.8,133.4,137.1,139.1,140.5,142.5,143.9,146.5),(1,9,109,121.7,124,125.2,127.1,128.3,130.2,133.9,137.6,139.6,141,143,144.4,147),(1,9,110,122.1,124.4,125.6,127.5,128.8,130.7,134.3,138,140.1,141.5,143.6,144.9,147.5),(1,9,111,122.5,124.8,126,127.9,129.2,131.1,134.8,138.5,140.6,142,144.1,145.4,148.1),(1,9,112,122.9,125.2,126.4,128.3,129.6,131.5,135.2,139,141,142.4,144.6,146,148.6),(1,9,113,123.3,125.6,126.8,128.7,130,132,135.6,139.4,141.5,142.9,145.1,146.5,149.2),(1,9,114,123.7,126,127.2,129.1,130.4,132.4,136.1,139.9,142,143.4,145.6,147,149.7),(1,9,115,124.1,126.4,127.6,129.5,130.9,132.8,136.6,140.4,142.5,143.9,146.1,147.5,150.3),(1,9,116,124.5,126.8,128,130,131.3,133.3,137,140.9,143,144.5,146.6,148.1,150.8),(1,9,117,124.9,127.2,128.4,130.4,131.7,133.7,137.5,141.4,143.5,145,147.2,148.6,151.4),(1,9,118,125.3,127.6,128.8,130.8,132.1,134.1,137.9,141.8,144,145.5,147.7,149.1,151.9),(1,9,119,125.7,128,129.2,131.2,132.5,134.6,138.4,142.3,144.5,146,148.2,149.7,152.5),(1,10,120,126,128.4,129.7,131.6,133,135,138.8,142.8,145,146.5,148.7,150.2,153.1),(1,10,121,126.4,128.8,130.1,132.1,133.4,135.4,139.3,143.3,145.5,147,149.3,150.8,153.6),(1,10,122,126.8,129.2,130.5,132.5,133.8,135.9,139.8,143.8,146,147.5,149.8,151.3,154.2),(1,10,123,127.2,129.6,130.9,132.9,134.3,136.3,140.3,144.3,146.5,148.1,150.4,151.9,154.8),(1,10,124,127.6,130,131.3,133.3,134.7,136.8,140.7,144.8,147.1,148.6,150.9,152.4,155.3),(1,10,125,128,130.4,131.7,133.7,135.1,137.2,141.2,145.3,147.6,149.1,151.4,153,155.9),(1,10,126,128.4,130.8,132.1,134.2,135.6,137.7,141.7,145.8,148.1,149.7,152,153.6,156.5),(1,10,127,128.7,131.2,132.5,134.6,136,138.2,142.2,146.4,148.7,150.2,152.6,154.1,157.1),(1,10,128,129.1,131.6,132.9,135,136.5,138.6,142.7,146.9,149.2,150.8,153.2,154.7,157.7),(1,10,129,129.5,132,133.4,135.5,136.9,139.1,143.2,147.4,149.7,151.3,153.7,155.3,158.3),(1,10,130,129.9,132.4,133.8,135.9,137.4,139.5,143.7,147.9,150.3,151.9,154.3,155.9,158.9),(1,10,131,130.2,132.8,134.2,136.3,137.8,140,144.2,148.5,150.8,152.4,154.9,156.5,159.5),(1,11,132,130.6,133.2,134.6,136.8,138.3,140.5,144.7,149,151.4,153,155.5,157.1,160.2),(1,11,133,131,133.6,135,137.2,138.7,141,145.2,149.6,152,153.6,156.1,157.7,160.8),(1,11,134,131.4,134,135.5,137.7,139.2,141.5,145.8,150.2,152.6,154.2,156.7,158.3,161.4),(1,11,135,131.7,134.4,135.9,138.1,139.7,141.9,146.3,150.7,153.2,154.8,157.3,159,162.1),(1,11,136,132.1,134.8,136.3,138.6,140.1,142.4,146.8,151.3,153.8,155.4,157.9,159.6,162.7),(1,11,137,132.5,135.2,136.7,139,140.6,142.9,147.4,151.9,154.3,156,158.5,160.2,163.3),(1,11,138,132.8,135.7,137.2,139.5,141.1,143.5,147.9,152.5,155,156.7,159.2,160.8,164),(1,11,139,133.2,136.1,137.6,140,141.6,144,148.5,153.1,155.6,157.3,159.8,161.5,164.6),(1,11,140,133.6,136.5,138.1,140.5,142.1,144.5,149.1,153.7,156.2,157.9,160.5,162.1,165.3),(1,11,141,134,136.9,138.5,140.9,142.6,145.1,149.7,154.3,156.8,158.6,161.1,162.8,166),(1,11,142,134.4,137.4,139,141.4,143.1,145.6,150.2,154.9,157.5,159.2,161.8,163.4,166.6),(1,11,143,134.7,137.8,139.4,141.9,143.6,146.1,150.8,155.6,158.1,159.8,162.4,164.1,167.3),(1,12,144,135.1,138.2,139.9,142.4,144.1,146.7,151.4,156.2,158.7,160.5,163,164.7,167.9),(1,12,145,135.6,138.7,140.4,143,144.7,147.2,152,156.8,159.4,161.1,163.7,165.4,168.5),(1,12,146,136,139.2,140.9,143.5,145.2,147.8,152.6,157.4,160,161.7,164.3,166,169.1),(1,12,147,136.4,139.6,141.3,144,145.8,148.4,153.2,158.1,160.6,162.4,165,166.6,169.8),(1,12,148,136.8,140.1,141.8,144.5,146.3,149,153.8,158.7,161.3,163,165.6,167.3,170.4),(1,12,149,137.2,140.6,142.3,145,146.8,149.5,154.4,159.3,161.9,163.7,166.2,167.9,171),(1,12,150,137.7,141.1,142.9,145.6,147.4,150.1,155,159.9,162.5,164.2,166.8,168.5,171.6),(1,12,151,138.1,141.6,143.4,146.1,148,150.7,155.6,160.5,163.1,164.8,167.4,169.1,172.1),(1,12,152,138.6,142.1,143.9,146.7,148.6,151.3,156.2,161.1,163.7,165.4,168,169.6,172.7),(1,12,153,139.1,142.6,144.4,147.2,149.1,151.9,156.8,161.7,164.3,166,168.6,170.2,173.3),(1,12,154,139.5,143.1,145,147.8,149.7,152.4,157.4,162.3,164.9,166.6,169.2,170.8,173.8),(1,12,155,140,143.6,145.5,148.4,150.3,153,158.1,162.9,165.5,167.2,169.8,171.4,174.4),(1,13,156,140.5,144.2,146.1,148.9,150.8,153.6,158.6,163.5,166.1,167.8,170.3,171.9,174.9),(1,13,157,141,144.7,146.6,149.5,151.4,154.2,159.2,164.1,166.6,168.3,170.8,172.4,175.3),(1,13,158,141.5,145.2,147.1,150,152,154.7,159.8,164.6,167.1,168.8,171.3,172.8,175.8),(1,13,159,142,145.8,147.7,150.6,152.5,155.3,160.3,165.2,167.7,169.3,171.8,173.3,176.2),(1,13,160,142.5,146.3,148.2,151.2,153.1,155.9,160.9,165.7,168.2,169.9,172.3,173.8,176.7),(1,13,161,143,146.8,148.8,151.7,153.7,156.5,161.5,166.3,168.8,170.4,172.8,174.3,177.2),(1,13,162,143.5,147.4,149.3,152.3,154.2,157,162,166.7,169.2,170.8,173.2,174.7,177.5),(1,13,163,144.1,147.9,149.9,152.8,154.8,157.6,162.5,167.2,169.6,171.3,173.6,175.1,177.8),(1,13,164,144.6,148.5,150.4,153.4,155.3,158.1,163,167.7,170.1,171.7,174,175.5,178.2),(1,13,165,145.1,149,151,153.9,155.9,158.6,163.5,168.2,170.5,172.1,174.4,175.8,178.5),(1,13,166,145.6,149.5,151.5,154.5,156.4,159.2,164,168.6,171,172.5,174.8,176.2,178.9),(1,13,167,146.2,150.1,152.1,155,157,159.7,164.5,169.1,171.4,173,175.2,176.6,179.2),(1,14,168,146.7,150.6,152.6,155.5,157.4,160.2,165,169.5,171.8,173.3,175.5,176.9,179.5),(1,14,169,147.3,151.2,153.1,156,157.9,160.6,165.4,169.8,172.1,173.6,175.8,177.2,179.7),(1,14,170,147.8,151.7,153.6,156.5,158.4,161.1,165.8,170.2,172.5,174,176.1,177.5,180),(1,14,171,148.4,152.2,154.2,157,158.9,161.5,166.2,170.6,172.8,174.3,176.4,177.8,180.2),(1,14,172,149,152.8,154.7,157.5,159.4,162,166.6,171,173.2,174.6,176.7,178,180.5),(1,14,173,149.5,153.3,155.2,158,159.9,162.5,167,171.3,173.5,174.9,177,178.3,180.7),(1,14,174,150,153.8,155.6,158.4,160.2,162.8,167.4,171.6,173.8,175.2,177.3,178.6,181),(1,14,175,150.5,154.2,156.1,158.8,160.6,163.2,167.7,171.9,174,175.4,177.5,178.8,181.2),(1,14,176,151.1,154.7,156.5,159.3,161,163.6,168,172.2,174.3,175.7,177.7,179,181.4),(1,14,177,151.6,155.2,157,159.7,161.4,163.9,168.3,172.4,174.6,175.9,178,179.2,181.6),(1,14,178,152.1,155.6,157.4,160.1,161.8,164.3,168.6,172.7,174.8,176.2,178.2,179.5,181.8),(1,14,179,152.6,156.1,157.9,160.5,162.2,164.6,169,173,175.1,176.4,178.4,179.7,182),(1,15,180,153.1,156.5,158.2,160.8,162.5,164.9,169.2,173.2,175.3,176.6,178.6,179.9,182.2),(1,15,181,153.5,156.8,158.6,161.1,162.8,165.2,169.4,173.4,175.5,176.8,178.8,180,182.3),(1,15,182,153.9,157.2,158.9,161.4,163.1,165.4,169.6,173.6,175.6,177,179,180.2,182.5),(1,15,183,154.3,157.6,159.2,161.7,163.4,165.7,169.9,173.8,175.8,177.2,179.1,180.4,182.7),(1,15,184,154.8,158,159.6,162,163.6,166,170.1,174,176,177.4,179.3,180.6,182.9),(1,15,185,155.2,158.3,159.9,162.3,163.9,166.2,170.3,174.2,176.2,177.6,179.5,180.7,183),(1,15,186,155.5,158.6,160.2,162.6,164.1,166.4,170.5,174.3,176.4,177.7,179.6,180.9,183.2),(1,15,187,155.9,158.9,160.5,162.8,164.4,166.6,170.6,174.5,176.5,177.8,179.8,181,183.3),(1,15,188,156.2,159.2,160.7,163,164.6,166.8,170.8,174.6,176.6,178,179.9,181.2,183.5),(1,15,189,156.6,159.5,161,163.3,164.8,167,171,174.8,176.8,178.1,180.1,181.3,183.6),(1,15,190,156.9,159.8,161.3,163.5,165,167.2,171.1,174.9,176.9,178.3,180.2,181.5,183.8),(1,15,191,157.3,160.1,161.5,163.8,165.2,167.4,171.3,175.1,177.1,178.4,180.3,181.6,183.9),(1,16,192,157.5,160.3,161.7,163.9,165.4,167.5,171.4,175.2,177.2,178.5,180.5,181.7,184.1),(1,16,193,157.8,160.5,161.9,164.1,165.5,167.7,171.5,175.3,177.3,178.6,180.6,181.8,184.2),(1,16,194,158,160.7,162.1,164.3,165.7,167.8,171.6,175.4,177.4,178.7,180.7,182,184.3),(1,16,195,158.3,160.9,162.3,164.4,165.9,167.9,171.8,175.5,177.5,178.8,180.8,182.1,184.5),(1,16,196,158.5,161.2,162.5,164.6,166,168.1,171.9,175.6,177.6,179,180.9,182.2,184.6),(1,16,197,158.8,161.4,162.7,164.8,166.2,168.2,172,175.7,177.7,179.1,181,182.3,184.7),(1,16,198,158.9,161.5,162.8,164.9,166.3,168.3,172.1,175.8,177.8,179.2,181.1,182.4,184.8),(1,16,199,159.1,161.6,163,165,166.4,168.4,172.2,175.9,177.9,179.3,181.3,182.5,185),(1,16,200,159.2,161.8,163.1,165.1,166.5,168.5,172.3,176,178,179.4,181.4,182.6,185.1),(1,16,201,159.4,161.9,163.2,165.2,166.6,168.6,172.4,176.1,178.1,179.5,181.5,182.8,185.2),(1,16,202,159.5,162,163.3,165.3,166.7,168.7,172.5,176.2,178.2,179.6,181.6,182.9,185.3),(1,16,203,159.7,162.1,163.4,165.5,166.8,168.8,172.6,176.3,178.3,179.7,181.7,183,185.4),(1,17,204,159.8,162.2,163.5,165.5,166.9,168.9,172.6,176.4,178.4,179.7,181.8,183.1,185.5),(1,17,205,159.9,162.3,163.6,165.6,167,169,172.7,176.5,178.5,179.8,181.9,183.2,185.7),(1,17,206,160,162.4,163.7,165.7,167.1,169.1,172.8,176.5,178.6,179.9,182,183.3,185.8),(1,17,207,160.1,162.5,163.8,165.8,167.1,169.1,172.9,176.6,178.6,180,182,183.4,185.9),(1,17,208,160.2,162.6,163.9,165.9,167.2,169.2,173,176.7,178.7,180.1,182.1,183.5,186),(1,17,209,160.3,162.7,164,166,167.3,169.3,173,176.8,178.8,180.2,182.2,183.6,186.1),(1,17,210,160.4,162.8,164.1,166.1,167.4,169.4,173.1,176.9,178.9,180.3,182.3,183.7,186.2),(1,17,211,160.5,162.9,164.2,166.1,167.5,169.5,173.2,177,179,180.4,182.4,183.8,186.3),(1,17,212,160.6,163,164.3,166.2,167.6,169.6,173.3,177,179.1,180.5,182.5,183.9,186.4),(1,17,213,160.7,163.1,164.3,166.3,167.7,169.6,173.4,177.1,179.2,180.6,182.6,184,186.5),(1,17,214,160.8,163.2,164.4,166.4,167.7,169.7,173.4,177.2,179.3,180.6,182.7,184.1,186.6),(1,17,215,160.9,163.3,164.5,166.5,167.8,169.8,173.5,177.3,179.3,180.7,182.8,184.2,186.7),(1,18,216,161,163.3,164.6,166.6,167.9,169.9,173.6,177.4,179.4,180.8,182.9,184.3,186.8),(1,18,217,161.1,163.4,164.7,166.7,168,170,173.7,177.5,179.5,180.9,183,184.4,187),(1,18,218,161.2,163.5,164.8,166.7,168.1,170,173.8,177.5,179.6,181,183.1,184.5,187.1),(1,18,219,161.3,163.6,164.9,166.8,168.2,170.1,173.8,177.6,179.7,181.1,183.2,184.6,187.2),(1,18,220,161.4,163.7,165,166.9,168.2,170.2,173.9,177.7,179.8,181.2,183.3,184.7,187.3),(1,18,221,161.5,163.8,165.1,167,168.3,170.3,174,177.8,179.9,181.3,183.4,184.8,187.4),(1,18,222,161.6,163.9,165.1,167.1,168.4,170.4,174.1,177.9,179.9,181.3,183.5,184.8,187.5),(1,18,223,161.7,164,165.2,167.2,168.5,170.4,174.2,177.9,180,181.4,183.6,184.9,187.6),(1,18,224,161.8,164.1,165.3,167.3,168.6,170.5,174.2,178,180.1,181.5,183.7,185,187.7),(1,18,225,161.9,164.2,165.4,167.3,168.6,170.6,174.3,178.1,180.2,181.6,183.7,185.1,187.8),(1,18,226,162,164.3,165.5,167.4,168.7,170.7,174.4,178.2,180.3,181.7,183.8,185.2,187.9),(1,18,227,162.1,164.4,165.6,167.5,168.8,170.8,174.5,178.3,180.4,181.8,183.9,185.3,188),(2,0,0,44.8,45.6,46.1,46.8,47.2,47.9,49.1,50.4,51.1,51.5,52.2,52.7,53.5),(2,0,1,49.1,50,50.5,51.2,51.7,52.4,53.7,55,55.7,56.2,56.9,57.4,58.2),(2,0,2,52.3,53.2,53.7,54.5,55,55.7,57.1,58.4,59.2,59.7,60.4,60.9,61.8),(2,0,3,54.9,55.8,56.3,57.1,57.6,58.4,59.8,61.2,62,62.5,63.3,63.8,64.7),(2,0,4,57.1,58,58.5,59.3,59.8,60.6,62.1,63.5,64.3,64.9,65.7,66.2,67.1),(2,0,5,58.9,59.9,60.4,61.2,61.7,62.5,64,65.5,66.3,66.9,67.7,68.2,69.2),(2,0,6,60.5,61.5,62,62.8,63.4,64.2,65.7,67.3,68.1,68.6,69.5,70,71),(2,0,7,61.9,62.9,63.5,64.3,64.9,65.7,67.3,68.8,69.7,70.3,71.1,71.6,72.7),(2,0,8,63.2,64.3,64.9,65.7,66.3,67.2,68.7,70.3,71.2,71.8,72.6,73.2,74.3),(2,0,9,64.5,65.6,66.2,67,67.6,68.5,70.1,71.8,72.6,73.2,74.1,74.7,75.8),(2,0,10,65.7,66.8,67.4,68.3,68.9,69.8,71.5,73.1,74,74.6,75.5,76.1,77.2),(2,0,11,66.9,68,68.6,69.5,70.2,71.1,72.8,74.5,75.4,76,76.9,77.5,78.6),(2,1,12,68,69.2,69.8,70.7,71.3,72.3,74,75.8,76.7,77.3,78.3,78.9,80),(2,1,13,69.1,70.3,70.9,71.8,72.5,73.4,75.2,77,77.9,78.6,79.5,80.2,81.3),(2,1,14,70.1,71.3,72,72.9,73.6,74.6,76.4,78.2,79.2,79.8,80.8,81.4,82.6),(2,1,15,71.1,72.4,73,74,74.7,75.7,77.5,79.4,80.3,81,82,82.7,83.9),(2,1,16,72.1,73.3,74,75,75.7,76.7,78.6,80.5,81.5,82.2,83.2,83.9,85.1),(2,1,17,73,74.3,75,76,76.7,77.7,79.7,81.6,82.6,83.3,84.4,85,86.3),(2,1,18,74,75.2,75.9,77,77.7,78.7,80.7,82.7,83.7,84.4,85.5,86.2,87.5),(2,1,19,74.8,76.2,76.9,77.9,78.7,79.7,81.7,83.7,84.8,85.5,86.6,87.3,88.6),(2,1,20,75.7,77,77.7,78.8,79.6,80.7,82.7,84.7,85.8,86.6,87.7,88.4,89.7),(2,1,21,76.5,77.9,78.6,79.7,80.5,81.6,83.7,85.7,86.8,87.6,88.7,89.4,90.8),(2,1,22,77.3,78.7,79.5,80.6,81.4,82.5,84.6,86.7,87.8,88.6,89.7,90.5,91.9),(2,1,23,78.1,79.6,80.3,81.5,82.2,83.4,85.5,87.7,88.8,89.6,90.7,91.5,92.9),(2,2,24,78.2,79.6,80.4,81.6,82.4,83.5,85.7,87.9,89.1,89.9,91,91.8,93.2),(2,2,25,79,80.4,81.2,82.4,83.2,84.4,86.6,88.8,90,90.8,92,92.8,94.2),(2,2,26,79.7,81.2,82,83.2,84,85.2,87.4,89.7,90.9,91.7,92.9,93.7,95.2),(2,2,27,80.4,81.9,82.7,83.9,84.8,86,88.3,90.6,91.8,92.6,93.8,94.6,96.1),(2,2,28,81.1,82.6,83.5,84.7,85.5,86.8,89.1,91.4,92.7,93.5,94.7,95.6,97.1),(2,2,29,81.8,83.4,84.2,85.4,86.3,87.6,89.9,92.2,93.5,94.4,95.6,96.4,98),(2,2,30,82.5,84,84.9,86.2,87,88.3,90.7,93.1,94.3,95.2,96.5,97.3,98.9),(2,2,31,83.1,84.7,85.6,86.9,87.7,89,91.4,93.9,95.2,96,97.3,98.2,99.8),(2,2,32,83.8,85.4,86.2,87.5,88.4,89.7,92.2,94.6,95.9,96.8,98.2,99,100.6),(2,2,33,84.4,86,86.9,88.2,89.1,90.4,92.9,95.4,96.7,97.6,99,99.8,101.5),(2,2,34,85,86.7,87.5,88.9,89.8,91.1,93.6,96.2,97.5,98.4,99.8,100.6,102.3),(2,2,35,85.6,87.3,88.2,89.5,90.5,91.8,94.4,96.9,98.3,99.2,100.5,101.4,103.1),(2,3,36,86.4,88.1,89,90.4,91.4,92.8,95.4,98.1,99.5,100.5,102,103,104.8),(2,3,37,87,88.7,89.6,90.9,91.9,93.3,95.9,98.6,100.1,101.1,102.6,103.5,105.4),(2,3,38,87.5,89.2,90.1,91.5,92.4,93.8,96.5,99.2,100.6,101.6,103.1,104.1,106),(2,3,39,88,89.7,90.6,92,93,94.4,97,99.7,101.2,102.2,103.7,104.7,106.5),(2,3,40,88.6,90.2,91.1,92.5,93.5,94.9,97.6,100.3,101.8,102.8,104.3,105.3,107.1),(2,3,41,89.1,90.8,91.7,93.1,94,95.4,98.1,100.8,102.3,103.3,104.8,105.8,107.7),(2,3,42,89.6,91.3,92.2,93.6,94.5,96,98.6,101.4,102.9,103.9,105.4,106.4,108.3),(2,3,43,90.1,91.8,92.7,94.1,95.1,96.5,99.2,101.9,103.4,104.5,106,107,108.9),(2,3,44,90.7,92.4,93.3,94.7,95.6,97,99.7,102.5,104,105,106.5,107.6,109.5),(2,3,45,91.2,92.9,93.8,95.2,96.1,97.6,100.3,103,104.5,105.6,107.1,108.1,110.1),(2,3,46,91.7,93.4,94.3,95.7,96.7,98.1,100.8,103.6,105.1,106.1,107.7,108.7,110.6),(2,3,47,92.2,93.9,94.8,96.2,97.2,98.6,101.4,104.1,105.7,106.7,108.3,109.3,111.2),(2,4,48,92.8,94.5,95.4,96.8,97.7,99.2,101.9,104.7,106.2,107.3,108.8,109.8,111.8),(2,4,49,93.3,95,95.9,97.3,98.3,99.7,102.4,105.2,106.8,107.8,109.4,110.4,112.4),(2,4,50,93.8,95.5,96.4,97.8,98.8,100.2,103,105.8,107.3,108.4,110,111,113),(2,4,51,94.3,96,96.9,98.4,99.3,100.8,103.5,106.3,107.9,108.9,110.5,111.6,113.5),(2,4,52,94.9,96.6,97.5,98.9,99.9,101.3,104.1,106.9,108.4,109.5,111.1,112.1,114.1),(2,4,53,95.4,97.1,98,99.4,100.4,101.8,104.6,107.4,109,110.1,111.6,112.7,114.7),(2,4,54,95.9,97.6,98.5,99.9,100.9,102.4,105.1,108,109.5,110.6,112.2,113.3,115.3),(2,4,55,96.4,98.1,99.1,100.5,101.5,102.9,105.7,108.5,110.1,111.2,112.8,113.8,115.9),(2,4,56,97,98.7,99.6,101,102,103.4,106.2,109.1,110.7,111.7,113.3,114.4,116.4),(2,4,57,97.5,99.2,100.1,101.5,102.5,104,106.8,109.6,111.2,112.3,113.9,115,117),(2,4,58,98,99.7,100.6,102.1,103,104.5,107.3,110.2,111.8,112.8,114.5,115.5,117.6),(2,4,59,98.5,100.2,101.2,102.6,103.6,105,107.8,110.7,112.3,113.4,115,116.1,118.2),(2,5,60,99,100.7,101.7,103.1,104.1,105.6,108.4,111.3,112.9,114,115.6,116.7,118.7),(2,5,61,99.5,101.2,102.2,103.6,104.6,106.1,108.9,111.8,113.4,114.5,116.1,117.2,119.3),(2,5,62,100,101.7,102.7,104.1,105.1,106.6,109.4,112.4,114,115.1,116.7,117.8,119.9),(2,5,63,100.5,102.2,103.2,104.6,105.6,107.1,110,112.9,114.5,115.6,117.3,118.3,120.4),(2,5,64,101,102.7,103.7,105.2,106.2,107.7,110.5,113.4,115,116.2,117.8,118.9,121),(2,5,65,101.5,103.3,104.2,105.7,106.7,108.2,111,114,115.6,116.7,118.4,119.5,121.5),(2,5,66,102,103.7,104.7,106.2,107.2,108.7,111.6,114.5,116.1,117.3,118.9,120,122.1),(2,5,67,102.4,104.2,105.2,106.7,107.7,109.2,112.1,115.1,116.7,117.8,119.5,120.6,122.7),(2,5,68,102.9,104.7,105.7,107.2,108.2,109.7,112.6,115.6,117.2,118.4,120,121.1,123.2),(2,5,69,103.4,105.2,106.1,107.7,108.7,110.2,113.2,116.1,117.8,118.9,120.6,121.7,123.8),(2,5,70,103.8,105.6,106.6,108.2,109.2,110.7,113.7,116.7,118.3,119.4,121.1,122.2,124.3),(2,5,71,104.3,106.1,107.1,108.6,109.7,111.3,114.2,117.2,118.9,120,121.7,122.8,124.9),(2,6,72,104.7,106.6,107.6,109.1,110.2,111.8,114.7,117.8,119.4,120.5,122.2,123.3,125.5),(2,6,73,105.2,107.1,108.1,109.6,110.7,112.3,115.2,118.3,120,121.1,122.8,123.9,126),(2,6,74,105.6,107.5,108.5,110.1,111.2,112.8,115.8,118.8,120.5,121.6,123.3,124.5,126.6),(2,6,75,106.1,108,109,110.6,111.7,113.3,116.3,119.4,121,122.2,123.9,125,127.2),(2,6,76,106.6,108.5,109.5,111.1,112.2,113.8,116.8,119.9,121.6,122.7,124.5,125.6,127.7),(2,6,77,107,108.9,110,111.6,112.6,114.3,117.3,120.4,122.1,123.3,125,126.1,128.3),(2,6,78,107.5,109.4,110.4,112,113.1,114.8,117.8,121,122.7,123.8,125.6,126.7,128.9),(2,6,79,107.9,109.9,110.9,112.5,113.6,115.2,118.3,121.5,123.2,124.4,126.1,127.3,129.5),(2,6,80,108.4,110.3,111.4,113,114.1,115.7,118.8,122,123.7,124.9,126.7,127.9,130.1),(2,6,81,108.8,110.8,111.8,113.4,114.6,116.2,119.3,122.5,124.3,125.5,127.3,128.4,130.7),(2,6,82,109.3,111.2,112.3,113.9,115,116.7,119.8,123.1,124.8,126,127.8,129,131.3),(2,6,83,109.7,111.7,112.8,114.4,115.5,117.2,120.3,123.6,125.3,126.6,128.4,129.6,131.9),(2,7,84,110.2,112.2,113.2,114.8,116,117.6,120.8,124.1,125.9,127.1,128.9,130.2,132.5),(2,7,85,110.6,112.6,113.7,115.3,116.4,118.1,121.3,124.6,126.4,127.6,129.5,130.7,133.1),(2,7,86,111.1,113.1,114.1,115.8,116.9,118.6,121.8,125.1,126.9,128.2,130.1,131.3,133.7),(2,7,87,111.5,113.5,114.6,116.2,117.4,119,122.3,125.6,127.5,128.7,130.6,131.9,134.3),(2,7,88,112,114,115,116.7,117.8,119.5,122.8,126.1,128,129.3,131.2,132.5,134.9),(2,7,89,112.4,114.4,115.5,117.1,118.3,120,123.3,126.7,128.5,129.8,131.8,133,135.5),(2,7,90,112.9,114.8,115.9,117.6,118.7,120.5,123.8,127.2,129.1,130.4,132.3,133.6,136.1),(2,7,91,113.3,115.3,116.4,118,119.2,120.9,124.2,127.7,129.6,130.9,132.9,134.2,136.7),(2,7,92,113.7,115.7,116.8,118.5,119.6,121.4,124.7,128.2,130.1,131.4,133.4,134.8,137.3),(2,7,93,114.2,116.2,117.2,118.9,120.1,121.8,125.2,128.7,130.6,132,134,135.3,137.9),(2,7,94,114.6,116.6,117.7,119.4,120.6,122.3,125.7,129.2,131.2,132.5,134.6,135.9,138.5),(2,7,95,115,117,118.1,119.8,121,122.8,126.2,129.7,131.7,133.1,135.1,136.5,139.1),(2,8,96,115.5,117.5,118.6,120.3,121.5,123.2,126.7,130.2,132.2,133.6,135.7,137.1,139.7),(2,8,97,115.9,117.9,119,120.7,121.9,123.7,127.2,130.8,132.8,134.1,136.2,137.6,140.3),(2,8,98,116.3,118.4,119.5,121.2,122.4,124.2,127.6,131.3,133.3,134.7,136.8,138.2,140.9),(2,8,99,116.8,118.8,119.9,121.7,122.9,124.7,128.1,131.8,133.8,135.2,137.4,138.8,141.5),(2,8,100,117.2,119.3,120.4,122.1,123.3,125.1,128.6,132.3,134.4,135.8,137.9,139.4,142.1),(2,8,101,117.6,119.7,120.8,122.6,123.8,125.6,129.1,132.8,134.9,136.3,138.5,139.9,142.7),(2,8,102,118.1,120.1,121.3,123,124.2,126.1,129.6,133.3,135.4,136.9,139.1,140.5,143.3),(2,8,103,118.5,120.6,121.7,123.5,124.7,126.5,130.1,133.9,136,137.4,139.6,141.1,144),(2,8,104,119,121,122.2,123.9,125.2,127,130.6,134.4,136.5,138,140.2,141.7,144.6),(2,8,105,119.4,121.5,122.6,124.4,125.6,127.5,131.1,134.9,137.1,138.5,140.8,142.3,145.2),(2,8,106,119.8,121.9,123.1,124.9,126.1,128,131.6,135.5,137.6,139.1,141.4,142.9,145.8),(2,8,107,120.3,122.4,123.5,125.3,126.6,128.5,132.1,136,138.2,139.7,141.9,143.5,146.4),(2,9,108,120.7,122.8,124,125.8,127.1,129,132.6,136.5,138.7,140.2,142.5,144.1,147),(2,9,109,121.1,123.3,124.4,126.3,127.5,129.5,133.2,137.1,139.3,140.8,143.1,144.7,147.6),(2,9,110,121.5,123.7,124.9,126.7,128,129.9,133.7,137.6,139.8,141.4,143.7,145.2,148.3),(2,9,111,122,124.1,125.3,127.2,128.5,130.4,134.2,138.2,140.4,141.9,144.3,145.8,148.9),(2,9,112,122.4,124.6,125.8,127.7,129,130.9,134.7,138.7,141,142.5,144.9,146.4,149.5),(2,9,113,122.8,125,126.2,128.1,129.5,131.4,135.3,139.3,141.5,143.1,145.5,147,150.1),(2,9,114,123.2,125.5,126.7,128.6,130,132,135.8,139.9,142.1,143.7,146.1,147.6,150.7),(2,9,115,123.6,125.9,127.2,129.1,130.5,132.5,136.4,140.4,142.7,144.3,146.6,148.2,151.3),(2,9,116,124.1,126.4,127.6,129.6,131,133,136.9,141,143.3,144.9,147.2,148.8,151.9),(2,9,117,124.5,126.8,128.1,130.1,131.5,133.5,137.5,141.6,143.9,145.4,147.8,149.4,152.4),(2,9,118,124.9,127.3,128.6,130.6,132,134,138,142.2,144.4,146,148.4,150,153),(2,9,119,125.3,127.7,129,131.1,132.5,134.5,138.6,142.7,145,146.6,149,150.6,153.6),(2,10,120,125.7,128.2,129.5,131.6,133,135.1,139.1,143.3,145.6,147.2,149.6,151.2,154.2),(2,10,121,126.2,128.6,130,132.1,133.5,135.6,139.7,143.9,146.2,147.8,150.2,151.7,154.7),(2,10,122,126.6,129.1,130.4,132.6,134,136.1,140.2,144.5,146.8,148.4,150.7,152.3,155.3),(2,10,123,127,129.5,130.9,133,134.5,136.7,140.8,145,147.3,148.9,151.3,152.9,155.8),(2,10,124,127.4,130,131.4,133.5,135,137.2,141.4,145.6,147.9,149.5,151.9,153.4,156.4),(2,10,125,127.8,130.5,131.9,134,135.5,137.7,141.9,146.2,148.5,150.1,152.5,154,157),(2,10,126,128.3,130.9,132.3,134.6,136,138.3,142.5,146.7,149.1,150.6,153,154.5,157.5),(2,10,127,128.7,131.4,132.8,135.1,136.6,138.8,143,147.3,149.6,151.2,153.5,155.1,158),(2,10,128,129.1,131.9,133.3,135.6,137.1,139.3,143.6,147.8,150.2,151.7,154.1,155.6,158.5),(2,10,129,129.6,132.3,133.8,136.1,137.6,139.9,144.1,148.4,150.7,152.3,154.6,156.1,159),(2,10,130,130,132.8,134.3,136.6,138.1,140.4,144.7,149,151.3,152.8,155.1,156.6,159.5),(2,10,131,130.5,133.3,134.8,137.1,138.6,140.9,145.2,149.5,151.8,153.4,155.7,157.2,160),(2,11,132,130.9,133.8,135.3,137.6,139.2,141.5,145.8,150,152.3,153.9,156.1,157.6,160.4),(2,11,133,131.4,134.2,135.8,138.1,139.7,142,146.3,150.5,152.8,154.3,156.6,158.1,160.8),(2,11,134,131.8,134.7,136.3,138.6,140.2,142.5,146.8,151.1,153.3,154.8,157.1,158.5,161.3),(2,11,135,132.3,135.2,136.8,139.1,140.7,143.1,147.3,151.6,153.8,155.3,157.6,159,161.7),(2,11,136,132.7,135.7,137.3,139.6,141.2,143.6,147.9,152.1,154.3,155.8,158,159.5,162.1),(2,11,137,133.2,136.2,137.8,140.2,141.8,144.1,148.4,152.6,154.8,156.3,158.5,159.9,162.6),(2,11,138,133.6,136.7,138.2,140.6,142.3,144.6,148.9,153.1,155.3,156.7,158.9,160.3,162.9),(2,11,139,134.1,137.1,138.7,141.1,142.7,145.1,149.4,153.5,155.7,157.2,159.3,160.7,163.3),(2,11,140,134.6,137.6,139.2,141.6,143.2,145.6,149.8,154,156.1,157.6,159.7,161.1,163.7),(2,11,141,135,138.1,139.7,142.1,143.7,146.1,150.3,154.4,156.6,158,160.1,161.5,164),(2,11,142,135.5,138.6,140.2,142.6,144.2,146.5,150.8,154.9,157,158.4,160.5,161.9,164.4),(2,11,143,136,139.1,140.7,143.1,144.7,147,151.3,155.3,157.4,158.9,160.9,162.3,164.7),(2,12,144,136.5,139.5,141.1,143.5,145.1,147.5,151.7,155.7,157.8,159.2,161.3,162.6,165),(2,12,145,136.9,140,141.6,144,145.6,147.9,152.1,156.1,158.2,159.6,161.6,162.9,165.4),(2,12,146,137.4,140.5,142.1,144.4,146,148.3,152.5,156.5,158.5,159.9,162,163.3,165.7),(2,12,147,137.9,140.9,142.5,144.9,146.5,148.8,152.9,156.8,158.9,160.3,162.3,163.6,166),(2,12,148,138.3,141.4,143,145.3,146.9,149.2,153.3,157.2,159.3,160.6,162.6,163.9,166.3),(2,12,149,138.8,141.9,143.4,145.8,147.3,149.6,153.7,157.6,159.6,161,163,164.2,166.6),(2,12,150,139.3,142.3,143.8,146.2,147.7,150,154,157.9,159.9,161.3,163.2,164.5,166.8),(2,12,151,139.7,142.7,144.2,146.6,148.1,150.3,154.3,158.2,160.2,161.6,163.5,164.8,167.1),(2,12,152,140.1,143.1,144.6,146.9,148.5,150.7,154.7,158.5,160.5,161.8,163.8,165,167.3),(2,12,153,140.6,143.5,145,147.3,148.8,151,155,158.8,160.8,162.1,164.1,165.3,167.6),(2,12,154,141,143.9,145.4,147.7,149.2,151.4,155.3,159.1,161.1,162.4,164.3,165.6,167.8),(2,12,155,141.4,144.3,145.8,148.1,149.6,151.8,155.7,159.4,161.4,162.7,164.6,165.8,168.1),(2,13,156,141.8,144.7,146.2,148.4,149.9,152,155.9,159.7,161.6,162.9,164.8,166,168.3),(2,13,157,142.1,145,146.5,148.7,150.2,152.3,156.2,159.9,161.8,163.1,165,166.2,168.5),(2,13,158,142.5,145.3,146.8,149,150.5,152.6,156.4,160.1,162.1,163.3,165.2,166.4,168.7),(2,13,159,142.9,145.7,147.1,149.3,150.7,152.8,156.7,160.3,162.3,163.6,165.4,166.7,168.9),(2,13,160,143.2,146,147.4,149.6,151,153.1,156.9,160.6,162.5,163.8,165.7,166.9,169.1),(2,13,161,143.6,146.3,147.7,149.9,151.3,153.4,157.2,160.8,162.7,164,165.9,167.1,169.3),(2,13,162,143.8,146.5,148,150.1,151.5,153.6,157.3,161,162.9,164.2,166,167.2,169.5),(2,13,163,144.1,146.8,148.2,150.3,151.7,153.8,157.5,161.1,163,164.3,166.2,167.4,169.6),(2,13,164,144.3,147,148.4,150.5,151.9,154,157.7,161.3,163.2,164.5,166.3,167.5,169.8),(2,13,165,144.6,147.2,148.6,150.7,152.1,154.1,157.8,161.5,163.4,164.6,166.5,167.7,169.9),(2,13,166,144.8,147.5,148.8,150.9,152.3,154.3,158,161.6,163.5,164.8,166.6,167.8,170.1),(2,13,167,145.1,147.7,149.1,151.1,152.5,154.5,158.2,161.8,163.7,164.9,166.8,168,170.2),(2,14,168,145.3,147.9,149.2,151.3,152.6,154.6,158.3,161.9,163.8,165,166.9,168.1,170.3),(2,14,169,145.4,148,149.4,151.4,152.8,154.8,158.4,162,163.9,165.2,167,168.2,170.4),(2,14,170,145.6,148.2,149.5,151.5,152.9,154.9,158.6,162.1,164,165.3,167.1,168.3,170.5),(2,14,171,145.7,148.3,149.6,151.7,153.1,155,158.7,162.2,164.1,165.4,167.2,168.4,170.6),(2,14,172,145.9,148.4,149.8,151.8,153.2,155.2,158.8,162.4,164.2,165.5,167.3,168.5,170.8),(2,14,173,146,148.6,149.9,152,153.3,155.3,158.9,162.5,164.3,165.6,167.4,168.6,170.9),(2,14,174,146.2,148.7,150,152.1,153.4,155.4,159,162.6,164.4,165.7,167.5,168.7,170.9),(2,14,175,146.3,148.8,150.1,152.2,153.5,155.5,159.1,162.6,164.5,165.8,167.6,168.8,171),(2,14,176,146.4,148.9,150.2,152.3,153.6,155.6,159.2,162.7,164.6,165.8,167.7,168.9,171.1),(2,14,177,146.5,149,150.3,152.4,153.7,155.7,159.3,162.8,164.7,165.9,167.8,168.9,171.2),(2,14,178,146.6,149.1,150.5,152.5,153.8,155.8,159.4,162.9,164.7,166,167.8,169,171.2),(2,14,179,146.7,149.2,150.6,152.6,153.9,155.8,159.4,163,164.8,166.1,167.9,169.1,171.3),(2,15,180,146.8,149.3,150.6,152.6,154,155.9,159.5,163,164.9,166.1,168,169.2,171.4),(2,15,181,147,149.4,150.7,152.7,154,156,159.5,163.1,164.9,166.2,168,169.2,171.5),(2,15,182,147.1,149.5,150.8,152.8,154.1,156,159.6,163.1,165,166.3,168.1,169.3,171.5),(2,15,183,147.2,149.6,150.9,152.8,154.2,156.1,159.7,163.2,165.1,166.3,168.2,169.4,171.6),(2,15,184,147.3,149.7,151,152.9,154.2,156.2,159.7,163.2,165.1,166.4,168.2,169.4,171.7),(2,15,185,147.4,149.8,151,153,154.3,156.2,159.8,163.3,165.2,166.4,168.3,169.5,171.8),(2,15,186,147.5,149.9,151.1,153.1,154.4,156.3,159.8,163.3,165.2,166.5,168.3,169.6,171.8),(2,15,187,147.6,149.9,151.2,153.1,154.4,156.3,159.9,163.4,165.2,166.5,168.4,169.6,171.9),(2,15,188,147.6,150,151.3,153.2,154.5,156.4,159.9,163.4,165.3,166.6,168.4,169.7,172),(2,15,189,147.7,150.1,151.3,153.2,154.5,156.4,159.9,163.4,165.3,166.6,168.5,169.7,172),(2,15,190,147.8,150.2,151.4,153.3,154.6,156.5,160,163.5,165.4,166.6,168.5,169.8,172.1),(2,15,191,147.9,150.2,151.5,153.3,154.6,156.5,160,163.5,165.4,166.7,168.6,169.8,172.1),(2,16,192,148,150.3,151.5,153.4,154.7,156.5,160,163.5,165.4,166.7,168.6,169.8,172.2),(2,16,193,148.1,150.4,151.6,153.4,154.7,156.6,160,163.6,165.4,166.7,168.6,169.9,172.2),(2,16,194,148.2,150.4,151.6,153.5,154.7,156.6,160.1,163.6,165.5,166.7,168.6,169.9,172.2),(2,16,195,148.3,150.5,151.7,153.5,154.8,156.6,160.1,163.6,165.5,166.8,168.7,169.9,172.3),(2,16,196,148.3,150.6,151.7,153.6,154.8,156.6,160.1,163.6,165.5,166.8,168.7,169.9,172.3),(2,16,197,148.4,150.6,151.8,153.6,154.8,156.7,160.1,163.6,165.5,166.8,168.7,170,172.3),(2,16,198,148.5,150.7,151.8,153.7,154.9,156.7,160.1,163.6,165.5,166.8,168.7,170,172.4),(2,16,199,148.6,150.7,151.9,153.7,154.9,156.7,160.2,163.6,165.5,166.8,168.7,170,172.4),(2,16,200,148.7,150.8,152,153.7,154.9,156.8,160.2,163.6,165.5,166.8,168.8,170,172.4),(2,16,201,148.7,150.9,152,153.8,155,156.8,160.2,163.7,165.5,166.8,168.8,170,172.5),(2,16,202,148.8,150.9,152.1,153.8,155,156.8,160.2,163.7,165.6,166.9,168.8,170.1,172.5),(2,16,203,148.9,151,152.1,153.9,155.1,156.8,160.2,163.7,165.6,166.9,168.8,170.1,172.5),(2,17,204,149,151,152.2,153.9,155.1,156.9,160.2,163.7,165.6,166.9,168.8,170.1,172.6),(2,17,205,149,151.1,152.2,154,155.1,156.9,160.3,163.7,165.6,166.9,168.9,170.1,172.6),(2,17,206,149.1,151.1,152.3,154,155.2,157,160.3,163.8,165.7,167,168.9,170.2,172.6),(2,17,207,149.1,151.2,152.3,154,155.2,157,160.4,163.8,165.7,167,168.9,170.2,172.6),(2,17,208,149.2,151.3,152.4,154.1,155.3,157,160.4,163.8,165.7,167,169,170.2,172.7),(2,17,209,149.2,151.3,152.4,154.1,155.3,157.1,160.4,163.9,165.7,167,169,170.3,172.7),(2,17,210,149.3,151.4,152.5,154.2,155.4,157.1,160.5,163.9,165.8,167.1,169,170.3,172.7),(2,17,211,149.3,151.4,152.5,154.2,155.4,157.1,160.5,163.9,165.8,167.1,169,170.3,172.8),(2,17,212,149.4,151.4,152.5,154.3,155.4,157.2,160.5,163.9,165.8,167.1,169.1,170.3,172.8),(2,17,213,149.4,151.5,152.6,154.3,155.5,157.2,160.5,164,165.9,167.1,169.1,170.4,172.8),(2,17,214,149.5,151.5,152.6,154.3,155.5,157.3,160.6,164,165.9,167.2,169.1,170.4,172.8),(2,17,215,149.5,151.6,152.7,154.4,155.5,157.3,160.6,164,165.9,167.2,169.1,170.4,172.9),(2,18,216,149.6,151.6,152.7,154.4,155.6,157.3,160.6,164.1,165.9,167.2,169.2,170.4,172.9),(2,18,217,149.6,151.7,152.8,154.5,155.6,157.4,160.7,164.1,166,167.3,169.2,170.5,172.9),(2,18,218,149.7,151.7,152.8,154.5,155.7,157.4,160.7,164.1,166,167.3,169.2,170.5,172.9),(2,18,219,149.7,151.8,152.9,154.5,155.7,157.4,160.8,164.2,166,167.3,169.3,170.5,173),(2,18,220,149.8,151.8,152.9,154.6,155.7,157.5,160.8,164.2,166.1,167.3,169.3,170.6,173),(2,18,221,149.8,151.9,152.9,154.6,155.8,157.5,160.8,164.2,166.1,167.4,169.3,170.6,173),(2,18,222,149.9,151.9,153,154.7,155.8,157.6,160.9,164.3,166.1,167.4,169.3,170.6,173),(2,18,223,149.9,152,153,154.7,155.9,157.6,160.9,164.3,166.2,167.4,169.4,170.6,173.1),(2,18,224,150,152,153.1,154.8,155.9,157.6,160.9,164.3,166.2,167.5,169.4,170.7,173.1),(2,18,225,150.1,152.1,153.1,154.8,156,157.7,161,164.4,166.2,167.5,169.4,170.7,173.1),(2,18,226,150.1,152.1,153.2,154.9,156,157.7,161,164.4,166.3,167.5,169.5,170.7,173.2),(2,18,227,150.2,152.2,153.2,154.9,156.1,157.8,161.1,164.4,166.3,167.6,169.5,170.8,173.2);
/*!40000 ALTER TABLE `heightByAge` ENABLE KEYS */;
UNLOCK TABLES;

--
-- Table structure for table `motionType`
--

DROP TABLE IF EXISTS `motionType`;
/*!40101 SET @saved_cs_client     = @@character_set_client */;
/*!50503 SET character_set_client = utf8mb4 */;
CREATE TABLE `motionType` (
  `motion_type_idx` int NOT NULL AUTO_INCREMENT,
  `motion_type_name` varchar(20) NOT NULL,
  `motion_tag` varchar(50) NOT NULL,
  PRIMARY KEY (`motion_type_idx`)
) ENGINE=InnoDB AUTO_INCREMENT=11 DEFAULT CHARSET=utf8mb4 COLLATE=utf8mb4_0900_ai_ci;
/*!40101 SET character_set_client = @saved_cs_client */;

--
-- Dumping data for table `motionType`
--

LOCK TABLES `motionType` WRITE;
/*!40000 ALTER TABLE `motionType` DISABLE KEYS */;
INSERT INTO `motionType` VALUES (1,'뒤돌아손벽치기','#유연성#함께'),(2,'발차기자세','#다리#팔#유산소'),(3,'악어자세','#팔'),(4,'시계추자세','#몸통#유연성#유산소'),(5,'나무자세','#다리#몸통#균형감각'),(6,'스케이트자세','#다리#유산소'),(7,'기대서팔굽혀펴기','#팔#몸통#균형감각#함께'),(8,'기지개자세','#유연성#키크기'),(9,'날개자세','#팔#함께'),(10,'기본자세','#');
/*!40000 ALTER TABLE `motionType` ENABLE KEYS */;
UNLOCK TABLES;

--
-- Table structure for table `parent`
--

DROP TABLE IF EXISTS `parent`;
/*!40101 SET @saved_cs_client     = @@character_set_client */;
/*!50503 SET character_set_client = utf8mb4 */;
CREATE TABLE `parent` (
  `parent_idx` int NOT NULL AUTO_INCREMENT,
  `social_platform` varchar(10) NOT NULL,
  `socail_uid` varchar(45) NOT NULL,
  `familyname` varchar(45) NOT NULL,
  `experience_score` int NOT NULL DEFAULT '0',
  `create_date` date NOT NULL DEFAULT (curdate()),
  `access_token` varchar(100) DEFAULT NULL,
  `deleted_flag` tinyint NOT NULL DEFAULT '0',
  PRIMARY KEY (`parent_idx`)
) ENGINE=InnoDB AUTO_INCREMENT=31 DEFAULT CHARSET=utf8mb4 COLLATE=utf8mb4_0900_ai_ci;
/*!40101 SET character_set_client = @saved_cs_client */;

--
-- Dumping data for table `parent`
--

LOCK TABLES `parent` WRITE;
/*!40000 ALTER TABLE `parent` DISABLE KEYS */;
INSERT INTO `parent` VALUES (2,'test','1234','a',230,'2023-03-16',NULL,0),(3,'Kakao','12344','안녀어엉',0,'2023-03-17',NULL,0),(5,'Kakao','2.709689239E9','ssafy123',200,'2023-03-20','-xfKUPrZBl4FFPpVP5unE_JgPatLKnQC5JfGCNoDCj11GwAAAYdVDWZx',0),(8,'Kakao','2.717008065E9','카카오유경',434,'2023-03-22','oL2_v9xLCnAD9gDyOZVekhAsFSK9Kp3jhttkiLwlCiolDgAAAYdXKwfs',0),(9,'Kakao','2.718757317E9','박민지',200,'2023-03-23','_8s39dYXsgJWrKn7USArrSh0VWOmy1ZY8v6zAGmFCisM0wAAAYc7dcYe',0),(10,'Kakao','2.719700229E9','윤서용',737,'2023-03-24','LQg-Ar4ODoYdJk_Tu1-tM2NLPi3tLOKO7b4wxVB2Cj1y6gAAAYdU7Gra',0),(11,'Kakao','2.719736762E9','김은지',0,'2023-03-24','o6NPfeE5tAm34T5Tc_fXUvDSXZVefBQu7misXvh1Cj1zTgAAAYdF_zHF',0),(15,'Naver','yidO4-9cjWJUsGWkZ9XzGP_IdL4jrbbocElVVPctU_s','갱거루 합창단',0,'2023-03-27','AAAAOLKrlEivbZEEx6oCz9CiorVvxgUkHEDN9Xmae3ESaFBDRei96yS2OrtG8NkPzPBnoNsU8V37e5ulgt_8V70RkAc',0),(16,'Kakao','2.714052561E9','동찬이네',8750,'2023-03-27','X10kXWp_2B7XEP3jC9wkHaRt19rPErqjxm1kywCpCj1zTQAAAYdWeof4',0),(17,'Naver','jyYYwrmivOLm71NS5wS54Nlavxe80_NqPN4HZlOPLOM','갱거루(네이버)',483,'2023-03-27','AAAAN6i-N29p0tjGXNIWtvU-OGHrIK5KEkyxl8kE5DImOBUHjaBzx_QT9Djs83odUdNSHgj43rKSCJ8oWbBscQLtCoQ',0),(18,'Naver','3S4SWyBOrMjSI5IlGhoXxXKre7W4p_5Qp6YVm--a4WY','갱거루 합창단',74,'2023-03-27','AAAANnPWbziIuYdVpmtXuEnKUDhXAHyqayskVsN4fTpqYaX2teMP33xcL_Czh90lMLm7GgTUYXAa6X4ELgiXk2oI_c8',0),(19,'Naver','oHpGf3rzxMxxeEsFHjcSprY58m0vCk1CoLoNpLp0W-g','이유경네이버',130,'2023-03-27','AAAAOcyIWV4CqFGVMMNplnITErxU7rXPUh85E_6HvyvKmw0BlZCbJmvC6EgOsy4Fz7R2qJ2Z0jBZds_nTtP-RVkLxZs',0),(20,'Naver','I97g3PNnCCNaFkmBrZu6JflK9sdxtDgdL1gEFccGO8c','갱거루 합창단',38,'2023-03-27','AAAAPU38ZyQ8lugLnMPtkCcPwmbhn96gueXFuSJExRzxXws0R3SY9sbDR5_5oXngvapabnqotb5mYNzINc4zu-K1E8Y',0),(21,'Naver','3OOkcqe-EmIHhLLui0mYCeRlPcAhN2qxE9Qp2gy_3DE','갱거루 합창단',200,'2023-04-04','AAAAN6xAMCA8xfw-eCxW6IOmPwoirnkrB8wWAOv06tVjLhHj006V0fETiBtioV58VVgPVMxRcYwscXGEO1i98JgXHzI',0),(22,'Naver','0sacrW7bONo_YkutS_sqd_IguJTfzNNc3rbKT6DnhYE','갱거루 합창단',0,'2023-03-31','AAAAO8dvwwzGNqktVvu1i-2_hYj7LGKNKP2qQ-FpGQzde-Nkr-fZpypJqWbnX0TVCieLg1Rw0vg5Tt8w72Lqv2VEBDI',0),(23,'Naver','LWSkVV0hWgFIWIkJI482WF0gQKQMW97LOmTMsj2Ubi8','갱거루 합창단',32,'2023-04-03','AAAAOVrHqO0N_NpUfEJ8xuMBJpQkKiAsNhiewVGfQQ10CHPWf0PuQ3SyVDiKyok4IP55glpd65cjoUrc-15AhM76OgQ',0),(25,'Naver','r8tfCUlZeXyD_HaGCwSMjufMD5r7OzvhswpqC2iwV_g','갱거루 합창단',0,'2023-04-03','AAAAN8AXIUO3jeEFwcbHLL5b9EnhEEBY0p2gHL39vzA6QutUUtonGnJbpaC6A_OiTKlolYGDLTb9a54mGE1uFneoMdw',0),(26,'Naver','_D9Lnr8wsMvXqGmBmuUOGBRpuFEUVItBxyr8wterYpI','갱거루 합창단',0,'2023-04-03','AAAAOI-p0h4-ZWA0NYk1iBaBLorHDC9ek5X8PVoc7HrMbhAXSAPph9fRSwSLOV_MF2AMJfXwkaYwbdTHzPFXop4Nojw',0),(28,'Naver','hCowb9Omrk865cgCtst62VogfX_WphsDdfAp79Xh3xw','ssafy123',0,'2023-04-04','AAAAOJ6HiQoB0010C9zzdGav1rRaYI37mD8nIbIwA3J3gZPRgps-W-lFkSINfGqJGMCBTfc4rCsvCwkT66uZJ_rpT1w',0),(29,'Naver','Ko0Qah2fxtVA3kjeJGev-IexDIJJ6JGgVfgMqx_Z7Lo','갱거루 합창단',0,'2023-04-06','AAAAOLa_YqyUEY45M4zyXQ5WmhfuXrnw_RFju3gJYtKbSSIx4x_9tyFVJGgfeKsj-jlJ2wmIIGY8uWtqcwIB9srOD-0',0),(30,'Naver','Cw7uA7GQJLcI9tQivOG7P_40qvi4HHlhFNl0QCO9QVI','갱거루 합창단',0,'2023-04-06','AAAAPIMui3i_g_tzjBPv5ZLd5sa1xag8-qvXgXOwb3QKUTo9Wy-iueupDNuA3bfKFFOpEldBaDAku3gLALWLGOo1ciY',0);
/*!40000 ALTER TABLE `parent` ENABLE KEYS */;
UNLOCK TABLES;

--
-- Table structure for table `photoAlbum`
--

DROP TABLE IF EXISTS `photoAlbum`;
/*!40101 SET @saved_cs_client     = @@character_set_client */;
/*!50503 SET character_set_client = utf8mb4 */;
CREATE TABLE `photoAlbum` (
  `photo_idx` int NOT NULL AUTO_INCREMENT,
  `parent_idx` int NOT NULL,
  `photo_image_url` varchar(200) NOT NULL,
  `create_date` date NOT NULL DEFAULT (curdate()),
  `photo_name` varchar(100) NOT NULL,
  PRIMARY KEY (`photo_idx`),
  KEY `fk_photoAlbum_parent1_idx` (`parent_idx`)
) ENGINE=InnoDB AUTO_INCREMENT=421 DEFAULT CHARSET=utf8mb4 COLLATE=utf8mb4_0900_ai_ci;
/*!40101 SET character_set_client = @saved_cs_client */;

--
-- Dumping data for table `photoAlbum`
--

LOCK TABLES `photoAlbum` WRITE;
/*!40000 ALTER TABLE `photoAlbum` DISABLE KEYS */;
INSERT INTO `photoAlbum` VALUES (14,18,'https://d3qb4vbeyp8phu.cloudfront.net/kak.jpg','2023-03-28','kak.jpg'),(29,8,'https://d3qb4vbeyp8phu.cloudfront.net/kak.jpg','2023-03-28','kak.jpg'),(60,22,'https://d3qb4vbeyp8phu.cloudfront.net/images/31fa6995-c164-40d5-9f26-e124a677b6c4.jpeg','2023-03-31','null-101'),(61,22,'https://d3qb4vbeyp8phu.cloudfront.net/images/1cee5fa4-4047-479d-909e-b4624ae4a648.jpeg','2023-03-31','null-101'),(203,23,'https://d3qb4vbeyp8phu.cloudfront.net/images/84e6334e-64a8-46c4-bbca-1534e8d55fc1.jpeg','2023-04-03','null-106'),(204,23,'https://d3qb4vbeyp8phu.cloudfront.net/images/b0cf38b1-ea42-4c94-9d33-6373ef082a23.jpeg','2023-04-03','null-106'),(363,23,'https://d3qb4vbeyp8phu.cloudfront.net/images/339e2b7f-22e1-4606-9e65-12eb7bb6c527.jpeg','2023-04-03','null-106'),(364,23,'https://d3qb4vbeyp8phu.cloudfront.net/images/0f11437c-7d05-4526-a96b-bcdc3551be20.jpeg','2023-04-03','null-106'),(365,8,'https://d3qb4vbeyp8phu.cloudfront.net/images/9a232c71-f33e-4f0d-8b04-e13e35f39e50.jpeg','2023-04-03','null-59'),(366,16,'https://d3qb4vbeyp8phu.cloudfront.net/images/9ad729a5-c329-4c60-882b-ab6f9fbc3055.jpeg','2023-04-03','null-94'),(368,24,'https://d3qb4vbeyp8phu.cloudfront.net/기본+프로필+이미지.png','2023-04-03','null-105'),(369,24,'https://d3qb4vbeyp8phu.cloudfront.net/기본+프로필+이미지.png','2023-04-03','null-105'),(370,24,'https://d3qb4vbeyp8phu.cloudfront.net/기본+프로필+이미지.png','2023-04-03','null-105'),(371,24,'https://d3qb4vbeyp8phu.cloudfront.net/기본+프로필+이미지.png','2023-04-03','null-105'),(372,24,'https://d3qb4vbeyp8phu.cloudfront.net/기본+프로필+이미지.png','2023-04-03','null-105'),(373,24,'https://d3qb4vbeyp8phu.cloudfront.net/기본+프로필+이미지.png','2023-04-03','null-105'),(374,24,'https://d3qb4vbeyp8phu.cloudfront.net/기본+프로필+이미지.png','2023-04-03','null-105'),(375,24,'https://d3qb4vbeyp8phu.cloudfront.net/기본+프로필+이미지.png','2023-04-03','null-105'),(376,24,'https://d3qb4vbeyp8phu.cloudfront.net/기본+프로필+이미지.png','2023-04-03','null-105'),(377,24,'https://d3qb4vbeyp8phu.cloudfront.net/기본+프로필+이미지.png','2023-04-03','null-105'),(378,24,'https://d3qb4vbeyp8phu.cloudfront.net/기본+프로필+이미지.png','2023-04-03','null-105'),(379,5,'https://d3qb4vbeyp8phu.cloudfront.net/기본+프로필+이미지.png','2023-04-03','null-105'),(380,5,'https://d3qb4vbeyp8phu.cloudfront.net/기본+프로필+이미지.png','2023-04-03','null-105'),(381,5,'https://d3qb4vbeyp8phu.cloudfront.net/기본+프로필+이미지.png','2023-04-03','null-105'),(382,5,'https://d3qb4vbeyp8phu.cloudfront.net/기본+프로필+이미지.png','2023-04-03','null-105'),(383,5,'https://d3qb4vbeyp8phu.cloudfront.net/기본+프로필+이미지.png','2023-04-03','null-105'),(384,5,'https://d3qb4vbeyp8phu.cloudfront.net/기본+프로필+이미지.png','2023-04-03','null-105'),(385,5,'https://d3qb4vbeyp8phu.cloudfront.net/기본+프로필+이미지.png','2023-04-03','null-105'),(386,5,'https://d3qb4vbeyp8phu.cloudfront.net/기본+프로필+이미지.png','2023-04-03','null-105'),(389,19,'https://d3qb4vbeyp8phu.cloudfront.net/images/70c87e56-111f-4541-b098-4d5f0813682c.jpeg','2023-04-04','null-85'),(390,19,'https://d3qb4vbeyp8phu.cloudfront.net/images/3d0f5e5a-dcb3-4cfd-8740-b50837bad46f.jpeg','2023-04-04','null-85'),(392,19,'https://d3qb4vbeyp8phu.cloudfront.net/images/5e2ff4e3-7f5c-4cfa-ac80-87cc64955248.jpeg','2023-04-04','null-85'),(411,19,'https://d3qb4vbeyp8phu.cloudfront.net/images/bfee4c58-04d7-49a6-8421-16ee8a1c90cc.jpeg','2023-04-05','null-85'),(412,8,'https://d3qb4vbeyp8phu.cloudfront.net/images/0ad83234-4b62-4a60-966c-63b74091a78d.jpeg','2023-04-06','null-59'),(417,21,'https://d3qb4vbeyp8phu.cloudfront.net/images/a9ff72c5-6d02-49ca-bed2-bfb3d8128683.jpeg','2023-04-06','null-98'),(418,21,'https://d3qb4vbeyp8phu.cloudfront.net/images/9cf41b63-9220-4ddd-be0d-fda8b2c7c965.jpeg','2023-04-06','null-98'),(419,21,'https://d3qb4vbeyp8phu.cloudfront.net/images/7ce03b4e-5818-42a8-86cd-fe8e2893b63b.jpeg','2023-04-06','null-98'),(420,21,'https://d3qb4vbeyp8phu.cloudfront.net/images/b109bc0a-f10a-4e89-8c50-0830bed69b4b.jpeg','2023-04-06','null-98');
/*!40000 ALTER TABLE `photoAlbum` ENABLE KEYS */;
UNLOCK TABLES;

--
-- Table structure for table `photoFrame`
--

DROP TABLE IF EXISTS `photoFrame`;
/*!40101 SET @saved_cs_client     = @@character_set_client */;
/*!50503 SET character_set_client = utf8mb4 */;
CREATE TABLE `photoFrame` (
  `frame_idx` int NOT NULL AUTO_INCREMENT,
  `frame_image_url` varchar(200) NOT NULL,
  `frame_flag` tinyint NOT NULL,
  `level` int NOT NULL,
  PRIMARY KEY (`frame_idx`)
) ENGINE=InnoDB AUTO_INCREMENT=17 DEFAULT CHARSET=utf8mb4 COLLATE=utf8mb4_0900_ai_ci;
/*!40101 SET character_set_client = @saved_cs_client */;

--
-- Dumping data for table `photoFrame`
--

LOCK TABLES `photoFrame` WRITE;
/*!40000 ALTER TABLE `photoFrame` DISABLE KEYS */;
INSERT INTO `photoFrame` VALUES (1,'https://d3qb4vbeyp8phu.cloudfront.net/fd1.png',1,1),(2,'https://d3qb4vbeyp8phu.cloudfront.net/fd2.png',1,2),(3,'https://d3qb4vbeyp8phu.cloudfront.net/fd3.png',1,3),(4,'https://d3qb4vbeyp8phu.cloudfront.net/fd4.png',1,4),(5,'https://d3qb4vbeyp8phu.cloudfront.net/fd5.png',1,5),(6,'https://d3qb4vbeyp8phu.cloudfront.net/a1.png',0,1),(8,'https://d3qb4vbeyp8phu.cloudfront.net/a2.png',0,1),(9,'https://d3qb4vbeyp8phu.cloudfront.net/a3.png',0,1),(10,'https://d3qb4vbeyp8phu.cloudfront.net/a4.png',0,1),(11,'https://d3qb4vbeyp8phu.cloudfront.net/a5.png',0,1),(12,'https://d3qb4vbeyp8phu.cloudfront.net/6.png',0,1),(13,'https://d3qb4vbeyp8phu.cloudfront.net/7.png',0,1),(14,'https://d3qb4vbeyp8phu.cloudfront.net/8.png',0,1),(15,'https://d3qb4vbeyp8phu.cloudfront.net/9.png',0,1),(16,'https://d3qb4vbeyp8phu.cloudfront.net/10.png',0,1);
/*!40000 ALTER TABLE `photoFrame` ENABLE KEYS */;
UNLOCK TABLES;

--
-- Table structure for table `playRecord`
--

DROP TABLE IF EXISTS `playRecord`;
/*!40101 SET @saved_cs_client     = @@character_set_client */;
/*!50503 SET character_set_client = utf8mb4 */;
CREATE TABLE `playRecord` (
  `play_record_idx` int NOT NULL AUTO_INCREMENT,
  `child_idx` int NOT NULL,
  `song_idx` int NOT NULL,
  `play_mode` tinyint NOT NULL,
  `score_total` int DEFAULT NULL,
  `record_date` datetime NOT NULL DEFAULT CURRENT_TIMESTAMP,
  PRIMARY KEY (`play_record_idx`),
  KEY `fk_playRecord_songList1_idx` (`song_idx`),
  KEY `fk_playRecord_children1_idx` (`child_idx`)
) ENGINE=InnoDB AUTO_INCREMENT=423 DEFAULT CHARSET=utf8mb4 COLLATE=utf8mb4_0900_ai_ci;
/*!40101 SET character_set_client = @saved_cs_client */;

--
-- Dumping data for table `playRecord`
--

LOCK TABLES `playRecord` WRITE;
/*!40000 ALTER TABLE `playRecord` DISABLE KEYS */;
INSERT INTO `playRecord` VALUES (3,84,2,0,NULL,'2023-03-27 10:51:12'),(34,46,3,1,NULL,'2023-03-28 03:31:25'),(35,46,2,3,NULL,'2023-03-28 03:31:25'),(36,46,2,1,NULL,'2023-03-28 03:31:25'),(37,59,3,2,NULL,'2023-03-28 03:31:58'),(38,59,2,1,NULL,'2023-03-28 03:31:58'),(71,85,1,0,NULL,'2023-03-28 04:57:55'),(72,85,2,0,NULL,'2023-03-28 05:16:03'),(73,46,2,1,NULL,'2023-02-28 00:00:00'),(74,85,2,0,NULL,'2023-03-28 05:37:58'),(75,85,2,0,NULL,'2023-03-28 05:38:01'),(76,85,2,0,NULL,'2023-03-28 05:38:03'),(77,60,1,0,NULL,'2023-03-28 06:16:28'),(78,60,1,0,NULL,'2023-03-28 06:17:10'),(79,60,1,0,NULL,'2023-03-28 06:17:24'),(80,0,1,0,NULL,'2023-03-28 06:37:44'),(81,84,1,0,NULL,'2023-03-29 04:48:52'),(82,84,1,0,NULL,'2023-03-29 05:11:03'),(83,84,1,0,NULL,'2023-03-29 05:11:11'),(84,84,1,0,NULL,'2023-03-29 05:11:22'),(85,89,2,2,NULL,'2023-03-29 05:41:00'),(86,89,2,2,NULL,'2023-03-29 05:41:32'),(87,89,2,2,NULL,'2023-03-29 05:41:38'),(88,89,2,2,NULL,'2023-03-29 05:41:40'),(89,89,2,2,NULL,'2023-03-29 05:42:08'),(90,89,2,2,NULL,'2023-03-29 05:57:03'),(91,89,2,2,NULL,'2023-03-29 05:57:42'),(92,60,3,2,NULL,'2023-03-29 05:59:19'),(93,60,3,2,NULL,'2023-03-29 06:00:00'),(94,60,3,2,NULL,'2023-03-29 06:02:24'),(95,60,3,2,NULL,'2023-03-29 06:02:33'),(96,60,3,2,NULL,'2023-03-29 06:04:56'),(97,89,2,2,NULL,'2023-03-29 06:15:32'),(98,89,2,2,NULL,'2023-03-29 06:29:57'),(99,89,2,2,NULL,'2023-03-29 06:38:06'),(100,60,1,0,NULL,'2023-03-29 06:49:46'),(101,60,1,0,NULL,'2023-03-29 06:49:52'),(102,60,1,0,NULL,'2023-03-29 06:49:59'),(103,60,1,0,NULL,'2023-03-29 06:54:01'),(104,60,1,0,NULL,'2023-03-29 06:54:11'),(105,60,5,1,NULL,'2023-03-29 07:00:27'),(106,60,5,1,NULL,'2023-03-29 07:01:00'),(107,60,5,1,NULL,'2023-03-29 07:01:04'),(108,60,5,1,NULL,'2023-03-29 07:01:18'),(109,60,5,1,NULL,'2023-03-29 07:01:30'),(110,60,5,1,NULL,'2023-03-29 07:03:32'),(111,60,5,1,NULL,'2023-03-29 07:03:38'),(112,60,5,1,NULL,'2023-03-29 07:09:37'),(113,60,5,1,NULL,'2023-03-29 07:11:58'),(114,94,6,2,NULL,'2023-03-29 08:49:15'),(115,89,1,1,NULL,'2023-03-29 11:27:41'),(116,89,1,1,NULL,'2023-03-29 12:17:29'),(117,3,1,1,NULL,'2023-03-30 00:32:15'),(118,4,2,1,NULL,'2023-03-30 00:35:03'),(119,4,2,1,NULL,'2023-03-30 00:37:16'),(120,4,2,1,NULL,'2023-03-30 00:37:47'),(121,89,1,1,NULL,'2023-03-30 00:42:16'),(122,89,1,1,NULL,'2023-03-30 00:42:36'),(123,89,1,1,NULL,'2023-03-30 01:12:21'),(124,98,1,1,NULL,'2023-03-30 01:15:56'),(125,98,1,1,NULL,'2023-03-30 01:16:36'),(126,98,2,1,NULL,'2023-03-30 01:22:41'),(127,98,2,1,NULL,'2023-03-30 01:24:33'),(128,60,3,2,NULL,'2023-03-30 01:57:55'),(129,94,2,1,NULL,'2023-03-30 02:05:24'),(130,60,3,2,NULL,'2023-03-30 02:11:48'),(131,94,2,1,NULL,'2023-03-30 02:21:07'),(132,94,2,1,NULL,'2023-03-30 02:21:57'),(133,96,1,1,NULL,'2023-03-30 02:23:04'),(134,96,1,1,NULL,'2023-03-30 02:27:35'),(135,96,1,1,NULL,'2023-03-30 02:29:46'),(136,96,1,1,NULL,'2023-03-30 02:33:11'),(137,96,1,1,NULL,'2023-03-30 02:36:34'),(138,96,1,1,NULL,'2023-03-30 02:36:39'),(139,94,1,1,NULL,'2023-03-30 02:36:45'),(140,94,2,1,NULL,'2023-03-30 02:36:48'),(141,94,2,1,NULL,'2023-03-30 02:36:50'),(142,97,2,1,NULL,'2023-03-30 02:36:57'),(143,97,2,1,NULL,'2023-03-30 02:36:58'),(144,97,1,1,NULL,'2023-03-30 02:37:00'),(145,60,3,2,NULL,'2023-03-30 02:41:22'),(146,97,5,3,NULL,'2023-03-30 03:22:19'),(147,97,5,3,NULL,'2023-03-30 03:23:18'),(148,97,5,3,NULL,'2023-03-30 03:28:10'),(149,94,6,3,NULL,'2023-03-30 03:31:31'),(156,82,3,2,NULL,'2023-03-30 05:49:30'),(157,60,3,2,NULL,'2023-03-30 06:21:37'),(158,60,3,2,NULL,'2023-03-30 06:24:32'),(159,60,3,2,NULL,'2023-03-30 06:36:22'),(160,46,7,1,NULL,'2023-03-30 06:38:25'),(161,60,3,2,NULL,'2023-03-30 06:46:29'),(162,46,3,2,NULL,'2023-03-30 06:53:15'),(163,60,1,0,NULL,'2023-03-31 01:35:18'),(164,60,1,0,NULL,'2023-03-31 01:36:11'),(165,60,1,0,NULL,'2023-03-31 01:36:25'),(166,60,1,0,NULL,'2023-03-31 01:36:46'),(167,60,1,0,NULL,'2023-03-31 01:36:48'),(168,60,1,0,NULL,'2023-03-31 01:38:26'),(169,60,1,0,NULL,'2023-03-31 01:40:07'),(170,60,1,0,NULL,'2023-03-31 01:43:23'),(171,60,1,0,NULL,'2023-03-31 01:44:11'),(172,60,1,0,NULL,'2023-03-31 01:45:43'),(173,60,1,0,NULL,'2023-03-31 01:45:46'),(174,60,1,0,NULL,'2023-03-31 01:45:48'),(175,60,1,0,NULL,'2023-03-31 01:45:53'),(176,60,1,0,NULL,'2023-03-31 01:47:30'),(177,60,1,0,NULL,'2023-03-31 01:48:09'),(178,60,1,0,NULL,'2023-03-31 01:48:20'),(179,60,1,0,NULL,'2023-03-31 01:53:13'),(180,60,1,0,NULL,'2023-03-31 01:53:54'),(181,60,1,0,NULL,'2023-03-31 01:53:58'),(182,60,1,0,NULL,'2023-03-31 04:08:45'),(183,60,1,0,NULL,'2023-03-31 04:08:51'),(184,60,1,0,NULL,'2023-03-31 04:08:57'),(185,60,1,0,NULL,'2023-03-31 04:09:04'),(186,60,1,0,NULL,'2023-03-31 04:10:33'),(187,60,3,2,NULL,'2023-03-31 04:18:50'),(188,60,3,2,NULL,'2023-03-31 04:44:39'),(189,60,5,1,NULL,'2023-03-31 05:01:21'),(190,60,5,1,NULL,'2023-03-31 05:03:14'),(191,60,1,0,NULL,'2023-03-31 07:05:31'),(192,60,1,0,NULL,'2023-03-31 07:07:25'),(193,60,1,0,NULL,'2023-03-31 07:07:57'),(194,60,1,0,NULL,'2023-03-31 07:08:11'),(195,60,1,0,NULL,'2023-03-31 07:09:40'),(196,60,1,0,NULL,'2023-03-31 07:10:59'),(197,60,1,0,NULL,'2023-03-31 07:15:49'),(198,60,3,2,NULL,'2023-03-31 07:51:36'),(199,60,3,2,NULL,'2023-03-31 07:54:30'),(200,60,1,0,NULL,'2023-03-31 08:26:32'),(201,60,1,0,NULL,'2023-03-31 08:29:22'),(202,60,1,0,NULL,'2023-03-31 08:30:57'),(203,60,1,0,NULL,'2023-03-31 08:36:20'),(204,60,1,0,NULL,'2023-03-31 08:42:53'),(205,60,1,0,NULL,'2023-03-31 08:45:10'),(206,81,1,0,NULL,'2023-04-01 04:57:06'),(207,89,1,0,NULL,'2023-04-01 05:16:49'),(208,81,1,0,NULL,'2023-04-01 07:15:57'),(209,60,1,0,NULL,'2023-04-02 04:54:07'),(210,60,1,0,NULL,'2023-04-02 07:35:26'),(211,60,1,0,NULL,'2023-04-02 07:42:41'),(212,60,1,0,NULL,'2023-04-02 07:49:14'),(213,60,1,0,NULL,'2023-04-02 07:51:53'),(214,60,1,0,NULL,'2023-04-02 08:13:17'),(215,60,1,0,NULL,'2023-04-02 08:15:11'),(216,60,1,0,NULL,'2023-04-02 08:16:55'),(217,60,3,2,NULL,'2023-04-02 08:25:22'),(218,60,4,3,NULL,'2023-04-02 08:34:08'),(219,94,1,0,NULL,'2023-04-03 00:44:03'),(220,94,1,0,NULL,'2023-04-03 00:46:57'),(221,94,1,0,NULL,'2023-04-03 00:48:19'),(222,94,1,0,NULL,'2023-04-03 00:49:05'),(223,94,1,0,NULL,'2023-04-03 00:49:12'),(224,94,1,0,NULL,'2023-04-03 00:49:24'),(225,94,1,0,NULL,'2023-04-03 00:49:25'),(226,94,1,0,NULL,'2023-04-03 00:49:28'),(227,94,1,0,NULL,'2023-04-03 00:49:29'),(228,94,1,0,NULL,'2023-04-03 00:49:58'),(229,94,1,0,NULL,'2023-04-03 00:50:02'),(230,94,1,0,NULL,'2023-04-03 00:50:05'),(231,94,1,0,NULL,'2023-04-03 00:50:09'),(232,94,1,0,NULL,'2023-04-03 00:50:16'),(233,94,1,0,NULL,'2023-04-03 00:50:24'),(234,94,1,0,NULL,'2023-04-03 00:51:54'),(235,94,1,0,NULL,'2023-04-03 00:52:00'),(236,94,1,0,NULL,'2023-04-03 00:56:25'),(237,94,1,0,NULL,'2023-04-03 01:09:29'),(238,94,1,0,NULL,'2023-04-03 01:12:00'),(239,94,1,0,NULL,'2023-04-03 01:13:31'),(240,59,1,0,NULL,'2023-04-03 02:12:42'),(241,84,1,0,NULL,'2023-04-03 02:15:12'),(242,85,1,0,NULL,'2023-04-03 04:01:45'),(243,81,1,0,NULL,'2023-04-03 04:19:55'),(244,94,1,0,NULL,'2023-04-03 04:22:16'),(245,94,1,0,NULL,'2023-04-03 04:25:28'),(246,94,1,0,NULL,'2023-04-03 04:54:08'),(247,59,1,0,NULL,'2023-04-03 05:02:39'),(248,94,1,0,NULL,'2023-04-03 05:23:25'),(249,94,1,0,NULL,'2023-04-03 05:25:03'),(250,94,1,0,NULL,'2023-04-03 05:26:43'),(251,94,1,0,NULL,'2023-04-03 05:32:46'),(252,94,1,0,NULL,'2023-04-03 05:35:09'),(253,94,1,0,NULL,'2023-04-03 05:39:57'),(254,94,1,0,NULL,'2023-04-03 05:44:28'),(255,94,1,0,NULL,'2023-04-03 05:54:37'),(256,94,1,0,NULL,'2023-04-03 05:56:13'),(257,94,1,0,NULL,'2023-04-03 05:58:12'),(258,94,1,0,NULL,'2023-04-03 05:59:46'),(259,60,1,0,NULL,'2023-04-03 06:00:54'),(260,94,1,0,NULL,'2023-04-03 06:02:46'),(261,94,1,0,NULL,'2023-04-03 06:04:18'),(262,94,1,0,NULL,'2023-04-03 06:08:27'),(263,94,1,0,NULL,'2023-04-03 06:18:18'),(264,94,1,0,NULL,'2023-04-03 06:20:22'),(265,94,1,0,NULL,'2023-04-03 06:21:56'),(266,60,1,0,NULL,'2023-04-03 06:22:16'),(267,94,1,0,NULL,'2023-04-03 06:23:42'),(268,60,1,0,NULL,'2023-04-03 06:24:27'),(269,94,1,0,NULL,'2023-04-03 06:36:15'),(270,94,1,0,NULL,'2023-04-03 06:37:58'),(271,94,1,0,NULL,'2023-04-03 06:54:51'),(272,94,1,0,NULL,'2023-04-03 06:56:31'),(273,94,1,0,NULL,'2023-04-03 06:56:35'),(274,94,1,0,NULL,'2023-04-03 07:07:51'),(275,94,1,0,NULL,'2023-04-03 07:09:21'),(276,94,1,0,NULL,'2023-04-03 07:09:54'),(277,94,1,0,NULL,'2023-04-03 07:10:03'),(278,94,1,0,NULL,'2023-04-03 07:10:06'),(279,94,1,0,NULL,'2023-04-03 07:10:46'),(280,94,1,0,NULL,'2023-04-03 07:10:52'),(281,94,1,0,NULL,'2023-04-03 07:12:30'),(282,94,1,0,NULL,'2023-04-03 07:12:37'),(283,94,1,0,NULL,'2023-04-03 07:12:39'),(284,94,1,0,NULL,'2023-04-03 07:14:38'),(285,94,1,0,NULL,'2023-04-03 07:28:48'),(286,94,1,0,NULL,'2023-04-03 07:30:20'),(287,94,1,0,NULL,'2023-04-03 07:31:51'),(288,94,1,0,NULL,'2023-04-03 07:33:23'),(289,94,1,0,NULL,'2023-04-03 07:34:54'),(290,94,1,0,NULL,'2023-04-03 07:36:24'),(291,106,2,0,NULL,'2023-04-03 07:44:26'),(292,59,3,2,100,'2023-04-03 07:54:44'),(293,94,1,0,NULL,'2023-04-03 08:00:01'),(294,94,1,0,NULL,'2023-04-03 08:00:10'),(295,94,1,0,NULL,'2023-04-03 08:00:13'),(296,94,1,0,NULL,'2023-04-03 08:00:23'),(297,94,1,0,NULL,'2023-04-03 08:09:59'),(298,94,1,0,NULL,'2023-04-03 08:45:08'),(299,85,3,2,NULL,'2023-04-03 08:49:55'),(300,89,1,0,NULL,'2023-04-03 08:51:30'),(301,102,1,0,NULL,'2023-04-04 03:04:10'),(302,102,1,0,NULL,'2023-04-04 03:07:51'),(303,94,1,0,NULL,'2023-04-04 03:10:54'),(304,94,1,0,NULL,'2023-04-04 03:12:27'),(305,94,1,0,NULL,'2023-04-04 03:17:13'),(306,94,1,0,NULL,'2023-04-04 03:17:27'),(307,94,1,0,NULL,'2023-04-04 03:21:53'),(308,94,1,0,NULL,'2023-04-04 03:41:59'),(309,94,1,0,NULL,'2023-04-04 03:43:36'),(310,94,1,0,NULL,'2023-04-04 04:00:04'),(311,94,1,0,NULL,'2023-04-04 04:10:41'),(312,94,1,0,NULL,'2023-04-04 04:10:47'),(313,94,1,0,NULL,'2023-04-04 04:10:51'),(314,94,1,0,NULL,'2023-04-04 04:11:04'),(315,94,1,0,NULL,'2023-04-04 04:11:07'),(316,94,1,0,NULL,'2023-04-04 04:12:38'),(317,94,1,0,NULL,'2023-04-04 04:12:43'),(318,94,1,0,NULL,'2023-04-04 04:12:50'),(319,94,1,0,NULL,'2023-04-04 04:12:51'),(320,94,1,0,NULL,'2023-04-04 04:14:20'),(321,94,1,0,NULL,'2023-04-04 04:15:51'),(322,94,1,0,NULL,'2023-04-04 04:17:42'),(323,94,1,0,NULL,'2023-04-04 04:19:12'),(324,94,1,0,NULL,'2023-04-04 04:22:33'),(325,94,1,0,NULL,'2023-04-04 04:26:29'),(326,81,1,0,NULL,'2023-04-04 04:46:21'),(327,89,1,0,NULL,'2023-04-04 04:52:03'),(328,84,1,1,NULL,'2023-04-04 05:17:44'),(329,84,1,1,100,'2023-04-04 05:26:24'),(330,81,1,0,NULL,'2023-04-04 05:40:34'),(331,85,1,0,NULL,'2023-04-04 05:47:12'),(332,94,1,0,20,'2023-04-04 06:27:39'),(333,60,5,1,5,'2023-04-04 06:43:49'),(334,81,1,0,30,'2023-04-04 06:45:28'),(335,81,1,0,50,'2023-04-04 06:47:12'),(336,94,1,0,40,'2023-04-04 06:50:56'),(337,94,1,0,40,'2023-04-04 06:52:18'),(338,94,1,0,40,'2023-04-04 06:52:20'),(339,94,1,0,40,'2023-04-04 06:52:38'),(340,94,1,0,40,'2023-04-04 06:52:43'),(341,94,1,0,40,'2023-04-04 06:52:47'),(342,94,1,0,40,'2023-04-04 06:52:50'),(343,94,1,0,40,'2023-04-04 06:54:07'),(344,94,1,0,40,'2023-04-04 06:54:08'),(345,94,1,0,40,'2023-04-04 06:54:10'),(346,94,1,0,40,'2023-04-04 06:54:45'),(347,94,1,0,40,'2023-04-04 06:55:02'),(348,94,1,0,40,'2023-04-04 06:55:04'),(349,94,1,0,40,'2023-04-04 06:55:06'),(350,94,1,0,0,'2023-04-04 07:05:27'),(351,94,1,0,0,'2023-04-04 07:05:28'),(352,94,1,0,5,'2023-04-04 07:06:58'),(353,94,1,0,40,'2023-04-04 07:11:08'),(354,94,1,0,40,'2023-04-04 07:13:50'),(355,94,1,0,40,'2023-04-04 07:13:58'),(356,94,1,0,40,'2023-04-04 07:14:01'),(357,94,1,0,5,'2023-04-04 07:17:43'),(358,81,1,0,45,'2023-04-04 07:25:00'),(359,94,1,0,0,'2023-04-04 07:30:02'),(360,94,1,0,55,'2023-04-04 07:43:02'),(361,98,6,2,5,'2023-04-04 08:25:23'),(362,98,7,1,5,'2023-04-04 08:27:10'),(363,98,5,1,5,'2023-04-04 08:29:40'),(364,98,2,0,20,'2023-04-04 08:31:19'),(365,98,4,3,100,'2023-04-04 08:35:54'),(366,60,3,2,0,'2023-04-04 08:37:46'),(367,85,1,0,55,'2023-04-04 08:39:27'),(368,142,2,0,15,'2023-04-04 08:43:44'),(369,98,6,2,10,'2023-04-04 08:48:00'),(370,60,3,2,0,'2023-04-04 08:51:43'),(371,98,6,2,10,'2023-04-04 08:52:27'),(372,60,1,0,20,'2023-04-04 10:58:58'),(373,60,1,0,30,'2023-04-04 11:02:08'),(374,98,1,0,50,'2023-04-04 11:17:22'),(375,98,1,0,85,'2023-04-04 11:23:00'),(376,60,3,2,0,'2023-04-05 00:09:45'),(377,60,3,2,0,'2023-04-05 00:10:58'),(378,60,3,2,0,'2023-04-05 00:11:43'),(379,60,3,2,0,'2023-04-05 00:11:49'),(380,60,3,2,0,'2023-04-05 00:13:13'),(381,94,1,0,25,'2023-04-05 01:11:40'),(382,94,1,0,55,'2023-04-05 01:13:12'),(383,94,1,0,35,'2023-04-05 01:14:43'),(384,94,1,0,35,'2023-04-05 01:30:48'),(385,60,1,0,30,'2023-04-05 01:31:36'),(386,60,1,0,30,'2023-04-05 01:33:43'),(387,60,1,0,30,'2023-04-05 01:33:44'),(388,94,1,0,75,'2023-04-05 01:34:25'),(389,94,1,0,65,'2023-04-05 01:36:03'),(390,60,1,0,25,'2023-04-05 01:38:29'),(391,94,1,0,15,'2023-04-05 01:39:53'),(392,94,1,0,35,'2023-04-05 01:41:56'),(393,60,1,0,45,'2023-04-05 01:43:16'),(394,60,1,0,45,'2023-04-05 01:44:00'),(395,94,1,0,15,'2023-04-05 01:50:54'),(396,94,1,0,50,'2023-04-05 02:13:58'),(397,94,1,0,60,'2023-04-05 02:22:08'),(398,106,7,1,0,'2023-04-05 03:26:32'),(399,94,1,0,40,'2023-04-05 04:44:21'),(400,94,2,0,20,'2023-04-05 04:53:58'),(401,60,1,0,0,'2023-04-05 05:21:06'),(402,94,1,0,60,'2023-04-05 05:34:10'),(403,141,1,0,20,'2023-04-05 06:02:14'),(404,85,1,0,55,'2023-04-05 06:32:49'),(405,85,3,2,100,'2023-04-05 07:25:17'),(406,60,1,0,20,'2023-04-05 08:04:08'),(407,81,1,0,30,'2023-04-05 08:15:12'),(408,81,2,0,0,'2023-04-05 15:38:44'),(409,81,1,0,0,'2023-04-05 15:42:27'),(410,94,1,0,0,'2023-04-05 15:48:26'),(411,94,1,0,0,'2023-04-05 15:48:28'),(412,94,1,0,0,'2023-04-05 15:49:56'),(413,94,1,0,60,'2023-04-06 01:14:59'),(414,148,6,2,0,'2023-04-06 03:21:13'),(415,147,2,0,0,'2023-04-06 03:33:08'),(416,94,1,0,15,'2023-04-06 04:02:49'),(417,152,6,2,15,'2023-04-06 05:44:18'),(418,152,1,0,85,'2023-04-06 05:46:01'),(419,98,2,0,75,'2023-04-06 05:51:34'),(420,82,3,2,80,'2023-04-06 05:57:13'),(421,94,1,0,50,'2023-04-06 08:15:22'),(422,94,1,0,0,'2023-04-06 12:13:28');
/*!40000 ALTER TABLE `playRecord` ENABLE KEYS */;
UNLOCK TABLES;

--
-- Table structure for table `scoreRecord`
--

DROP TABLE IF EXISTS `scoreRecord`;
/*!40101 SET @saved_cs_client     = @@character_set_client */;
/*!50503 SET character_set_client = utf8mb4 */;
CREATE TABLE `scoreRecord` (
  `score_record_idx` int NOT NULL AUTO_INCREMENT,
  `play_record_idx` int NOT NULL,
  `motion_type_idx` int NOT NULL,
  `count` int NOT NULL,
  `time` int NOT NULL,
  `count_standard` int NOT NULL,
  `score` int NOT NULL,
  PRIMARY KEY (`score_record_idx`),
  KEY `fk_scoreRecord_playRecord1_idx` (`play_record_idx`),
  KEY `fk_scoreRecord_motionType1_idx` (`motion_type_idx`)
) ENGINE=InnoDB AUTO_INCREMENT=3000 DEFAULT CHARSET=utf8mb4 COLLATE=utf8mb4_0900_ai_ci;
/*!40101 SET character_set_client = @saved_cs_client */;

--
-- Dumping data for table `scoreRecord`
--

LOCK TABLES `scoreRecord` WRITE;
/*!40000 ALTER TABLE `scoreRecord` DISABLE KEYS */;
INSERT INTO `scoreRecord` VALUES (1,6,5,0,5,10,0),(2,6,5,0,5,10,0),(3,6,5,0,5,10,0),(4,6,5,0,5,10,0),(5,6,5,1,5,10,0),(6,71,3,0,7,10,0),(7,71,4,0,8,10,0),(8,71,4,0,7,10,0),(9,71,2,0,4,10,0),(10,71,4,0,8,10,0),(11,71,4,0,7,10,0),(12,71,1,0,7,10,0),(13,71,4,1,7,10,0),(14,71,4,0,8,10,0),(15,71,2,0,8,10,0),(16,71,3,0,8,10,0),(17,72,4,5,8,10,0),(18,72,2,0,8,10,0),(19,72,3,0,7,10,0),(20,72,2,0,10,10,0),(21,72,4,0,9,10,0),(22,72,2,0,8,10,0),(23,72,3,0,7,10,0),(24,72,1,0,9,10,0),(25,74,4,5,8,10,0),(26,74,2,0,8,10,0),(27,74,3,0,7,10,0),(28,74,2,0,10,10,0),(29,74,4,0,9,10,0),(30,74,2,0,8,10,0),(31,74,3,0,7,10,0),(32,74,1,0,9,10,0),(33,75,4,5,8,10,0),(34,75,2,0,8,10,0),(35,75,3,0,7,10,0),(36,75,2,0,10,10,0),(37,75,4,0,9,10,0),(38,75,2,0,8,10,0),(39,75,3,0,7,10,0),(40,75,1,0,9,10,0),(41,76,4,5,8,10,0),(42,76,2,0,8,10,0),(43,76,3,0,7,10,0),(44,76,2,0,10,10,0),(45,76,4,0,9,10,0),(46,76,2,0,8,10,0),(47,76,3,0,7,10,0),(48,76,1,0,9,10,0),(49,77,3,0,7,10,0),(50,77,4,20,8,10,8),(51,77,4,5,7,10,0),(52,77,2,35,4,10,4),(53,77,4,2,8,10,0),(54,77,4,0,7,10,0),(55,77,1,9,7,10,0),(56,77,4,0,7,10,0),(57,77,4,20,8,10,8),(58,77,2,3,8,10,0),(59,77,3,9,8,10,0),(60,78,3,0,7,10,0),(61,78,4,20,8,10,8),(62,78,4,5,7,10,0),(63,78,2,35,4,10,4),(64,78,4,2,8,10,0),(65,78,4,0,7,10,0),(66,78,1,9,7,10,0),(67,78,4,0,7,10,0),(68,78,4,20,8,10,8),(69,78,2,3,8,10,0),(70,78,3,9,8,10,0),(71,79,3,0,7,10,0),(72,79,4,20,8,10,8),(73,79,4,5,7,10,0),(74,79,2,35,4,10,4),(75,79,4,2,8,10,0),(76,79,4,0,7,10,0),(77,79,1,9,7,10,0),(78,79,4,0,7,10,0),(79,79,4,20,8,10,8),(80,79,2,3,8,10,0),(81,79,3,9,8,10,0),(82,81,3,7,7,10,0),(83,81,4,5,8,10,0),(84,81,4,1,7,10,0),(85,81,2,0,4,10,0),(86,81,4,2,8,10,0),(87,81,4,0,7,10,0),(88,81,1,36,7,10,7),(89,81,4,2,7,10,0),(90,81,4,0,8,10,0),(91,81,2,0,8,10,0),(92,81,3,0,8,10,0),(93,82,3,7,7,10,0),(94,82,4,5,8,10,0),(95,82,4,1,7,10,0),(96,82,2,0,4,10,0),(97,82,4,2,8,10,0),(98,82,4,0,7,10,0),(99,82,1,36,7,10,7),(100,82,4,2,7,10,0),(101,82,4,0,8,10,0),(102,82,2,0,8,10,0),(103,82,3,0,8,10,0),(104,83,3,7,7,10,0),(105,83,4,5,8,10,0),(106,83,4,1,7,10,0),(107,83,2,0,4,10,0),(108,83,4,2,8,10,0),(109,83,4,0,7,10,0),(110,83,1,36,7,10,7),(111,83,4,2,7,10,0),(112,83,4,0,8,10,0),(113,83,2,0,8,10,0),(114,83,3,0,8,10,0),(115,84,3,7,7,10,0),(116,84,4,5,8,10,0),(117,84,4,1,7,10,0),(118,84,2,0,4,10,0),(119,84,4,2,8,10,0),(120,84,4,0,7,10,0),(121,84,1,36,7,10,7),(122,84,4,2,7,10,0),(123,84,4,0,8,10,0),(124,84,2,0,8,10,0),(125,84,3,0,8,10,0),(126,85,13,13,13,13,13),(127,86,13,13,13,13,13),(128,89,13,13,13,13,13),(129,90,13,13,13,13,13),(130,91,13,13,13,13,13),(131,92,5,0,5,10,0),(132,92,5,0,5,10,0),(133,92,5,0,5,10,0),(134,92,5,0,5,10,0),(135,92,5,0,5,10,0),(136,93,5,0,5,10,0),(137,93,5,0,5,10,0),(138,93,5,0,5,10,0),(139,93,5,0,5,10,0),(140,93,5,0,5,10,0),(141,94,5,0,5,10,0),(142,94,5,0,5,10,0),(143,94,5,0,5,10,0),(144,94,5,0,5,10,0),(145,94,5,0,5,10,0),(146,95,5,0,5,10,0),(147,95,5,0,5,10,0),(148,95,5,0,5,10,0),(149,95,5,0,5,10,0),(150,95,5,0,5,10,0),(151,96,5,0,5,10,0),(152,96,5,0,5,10,0),(153,96,5,0,5,10,0),(154,96,5,0,5,10,0),(155,96,5,0,5,10,0),(156,97,13,13,13,13,13),(157,98,13,13,13,13,13),(158,99,13,13,13,13,13),(159,100,3,0,7,10,0),(160,100,4,0,8,10,0),(161,100,4,0,7,10,0),(162,100,2,0,4,10,0),(163,100,4,4,8,10,0),(164,100,4,2,7,10,0),(165,100,1,0,7,10,0),(166,100,4,0,7,10,0),(167,100,4,0,8,10,0),(168,100,2,0,8,10,0),(169,100,3,0,8,10,0),(170,101,3,0,7,10,0),(171,101,4,0,8,10,0),(172,101,4,0,7,10,0),(173,101,2,0,4,10,0),(174,101,4,4,8,10,0),(175,101,4,2,7,10,0),(176,101,1,0,7,10,0),(177,101,4,0,7,10,0),(178,101,4,0,8,10,0),(179,101,2,0,8,10,0),(180,101,3,0,8,10,0),(181,102,3,0,7,10,0),(182,102,4,0,8,10,0),(183,102,4,0,7,10,0),(184,102,2,0,4,10,0),(185,102,4,4,8,10,0),(186,102,4,2,7,10,0),(187,102,1,0,7,10,0),(188,102,4,0,7,10,0),(189,102,4,0,8,10,0),(190,102,2,0,8,10,0),(191,102,3,0,8,10,0),(192,103,3,0,7,10,0),(193,103,4,0,8,10,0),(194,103,4,0,7,10,0),(195,103,2,0,4,10,0),(196,103,4,0,8,10,0),(197,103,4,0,7,10,0),(198,103,1,0,7,10,0),(199,103,4,0,7,10,0),(200,103,4,0,8,10,0),(201,103,2,0,8,10,0),(202,103,3,0,8,10,0),(203,104,3,0,7,10,0),(204,104,4,0,8,10,0),(205,104,4,0,7,10,0),(206,104,2,0,4,10,0),(207,104,4,0,8,10,0),(208,104,4,0,7,10,0),(209,104,1,0,7,10,0),(210,104,4,0,7,10,0),(211,104,4,0,8,10,0),(212,104,2,0,8,10,0),(213,104,3,0,8,10,0),(214,105,7,0,5,10,0),(215,105,7,0,5,10,0),(216,105,7,0,5,10,0),(217,105,7,0,5,10,0),(218,105,7,0,5,10,0),(219,106,7,0,5,10,0),(220,106,7,0,5,10,0),(221,106,7,0,5,10,0),(222,106,7,0,5,10,0),(223,106,7,0,5,10,0),(224,107,7,0,5,10,0),(225,107,7,0,5,10,0),(226,107,7,0,5,10,0),(227,107,7,0,5,10,0),(228,107,7,0,5,10,0),(229,108,7,0,5,10,0),(230,108,7,0,5,10,0),(231,108,7,0,5,10,0),(232,108,7,0,5,10,0),(233,108,7,0,5,10,0),(234,109,7,0,5,10,0),(235,109,7,0,5,10,0),(236,109,7,0,5,10,0),(237,109,7,0,5,10,0),(238,109,7,0,5,10,0),(239,110,7,0,5,10,0),(240,110,7,0,5,10,0),(241,110,7,0,5,10,0),(242,110,7,0,5,10,0),(243,110,7,0,5,10,0),(244,111,7,0,5,10,0),(245,111,7,0,5,10,0),(246,111,7,0,5,10,0),(247,111,7,0,5,10,0),(248,111,7,0,5,10,0),(249,112,7,9,5,10,0),(250,112,7,0,5,10,0),(251,112,7,13,5,10,5),(252,112,7,1,5,10,0),(253,112,7,5,5,10,0),(254,113,7,0,5,10,0),(255,113,7,0,5,10,0),(256,113,7,8,5,10,0),(257,113,7,8,5,10,0),(258,113,7,0,5,10,0),(259,114,8,0,5,10,0),(260,114,8,0,5,10,0),(261,114,8,0,5,10,0),(262,114,8,0,5,10,0),(263,114,8,0,5,10,0),(264,115,2,1,30,3,0),(265,116,2,1,30,3,0),(266,117,3,20,10,10,10),(267,118,3,1,3,1,3),(268,119,3,1,3,1,3),(269,120,3,1,3,1,3),(270,121,2,10,13,10,13),(271,122,2,10,13,10,13),(272,123,2,10,13,10,13),(273,124,2,10,13,10,13),(274,125,2,10,13,10,13),(275,126,2,10,13,10,13),(276,127,2,10,13,10,13),(277,128,5,0,5,10,0),(278,128,5,0,5,10,0),(279,128,5,0,5,10,0),(280,128,5,0,5,10,0),(281,128,5,0,5,10,0),(282,129,2,10,13,10,13),(283,130,5,0,5,10,0),(284,130,5,0,5,10,0),(285,130,5,0,5,10,0),(286,130,5,0,5,10,0),(287,130,5,0,5,10,0),(288,131,2,10,13,10,13),(289,132,2,10,13,10,13),(290,133,2,10,13,10,13),(291,134,2,10,13,10,13),(292,135,2,10,13,10,13),(293,136,2,10,13,10,13),(294,137,2,10,13,10,13),(295,138,2,10,13,10,13),(296,139,2,10,13,10,13),(297,140,2,10,13,10,13),(298,141,2,10,13,10,13),(299,142,2,10,13,10,13),(300,143,2,10,13,10,13),(301,144,2,10,13,10,13),(302,145,5,0,5,10,0),(303,145,5,38,5,10,5),(304,145,5,54,5,10,5),(305,145,5,54,5,10,5),(306,145,5,55,5,10,5),(307,146,3,3,3,3,3),(308,147,3,3,3,3,3),(309,148,3,3,3,3,3),(310,149,3,3,3,3,3),(316,156,5,3,5,10,3),(317,156,5,66,5,10,10),(318,156,5,61,5,10,10),(319,156,5,0,5,10,0),(320,156,5,0,5,10,0),(321,157,5,22,5,10,10),(322,157,5,0,5,10,0),(323,157,5,43,5,10,10),(324,157,5,10,5,10,10),(325,157,5,47,5,10,10),(326,158,5,0,5,10,0),(327,158,5,49,5,10,10),(328,158,5,82,5,10,10),(329,158,5,79,5,10,10),(330,158,5,35,5,10,10),(331,159,5,23,5,10,10),(332,159,5,15,5,10,10),(333,159,5,76,5,10,10),(334,159,5,56,5,10,10),(335,159,5,47,5,10,10),(336,160,9,0,5,10,0),(337,160,9,0,5,10,0),(338,160,9,0,5,10,0),(339,160,9,0,5,10,0),(340,160,9,0,5,10,0),(341,161,5,23,5,10,10),(342,161,5,15,5,10,10),(343,161,5,76,5,10,10),(344,161,5,56,5,10,10),(345,161,5,47,5,10,10),(346,162,5,17,5,10,10),(347,162,5,67,5,10,10),(348,162,5,59,5,10,10),(349,162,5,0,5,10,0),(350,162,5,72,5,10,10),(351,163,3,0,7,10,0),(352,163,4,0,8,10,0),(353,163,4,0,7,10,0),(354,163,2,0,4,10,0),(355,163,4,0,8,10,0),(356,163,4,0,7,10,0),(357,163,1,0,7,10,0),(358,163,4,0,7,10,0),(359,163,4,0,8,10,0),(360,163,2,0,8,10,0),(361,163,3,0,8,10,0),(362,164,3,0,7,10,0),(363,164,4,0,8,10,0),(364,164,4,0,7,10,0),(365,164,2,0,4,10,0),(366,164,4,0,8,10,0),(367,164,4,0,7,10,0),(368,164,1,0,7,10,0),(369,164,4,0,7,10,0),(370,164,4,0,8,10,0),(371,164,2,0,8,10,0),(372,164,3,0,8,10,0),(373,165,3,0,7,10,0),(374,165,4,0,8,10,0),(375,165,4,0,7,10,0),(376,165,2,0,4,10,0),(377,165,4,0,8,10,0),(378,165,4,0,7,10,0),(379,165,1,0,7,10,0),(380,165,4,0,7,10,0),(381,165,4,0,8,10,0),(382,165,2,0,8,10,0),(383,165,3,0,8,10,0),(384,166,3,0,7,10,0),(385,166,4,0,8,10,0),(386,166,4,0,7,10,0),(387,166,2,0,4,10,0),(388,166,4,0,8,10,0),(389,166,4,0,7,10,0),(390,166,1,0,7,10,0),(391,166,4,0,7,10,0),(392,166,4,0,8,10,0),(393,166,2,0,8,10,0),(394,166,3,0,8,10,0),(395,167,3,0,7,10,0),(396,167,4,0,8,10,0),(397,167,4,0,7,10,0),(398,167,2,0,4,10,0),(399,167,4,0,8,10,0),(400,167,4,0,7,10,0),(401,167,1,0,7,10,0),(402,167,4,0,7,10,0),(403,167,4,0,8,10,0),(404,167,2,0,8,10,0),(405,167,3,0,8,10,0),(406,168,3,0,7,10,0),(407,168,4,0,8,10,0),(408,168,4,0,7,10,0),(409,168,2,0,4,10,0),(410,168,4,0,8,10,0),(411,168,4,0,7,10,0),(412,168,1,0,7,10,0),(413,168,4,0,7,10,0),(414,168,4,0,8,10,0),(415,168,2,0,8,10,0),(416,168,3,0,8,10,0),(417,169,3,0,7,10,0),(418,169,4,0,8,10,0),(419,169,4,0,7,10,0),(420,169,2,0,4,10,0),(421,169,4,0,8,10,0),(422,169,4,0,7,10,0),(423,169,1,0,7,10,0),(424,169,4,0,7,10,0),(425,169,4,0,8,10,0),(426,169,2,0,8,10,0),(427,169,3,0,8,10,0),(428,170,3,0,7,10,0),(429,170,4,14,8,10,16),(430,170,4,1,7,10,2),(431,170,2,0,4,10,0),(432,170,4,0,8,10,0),(433,170,4,0,7,10,0),(434,170,1,0,7,10,0),(435,170,4,0,7,10,0),(436,170,4,0,8,10,0),(437,170,2,0,8,10,0),(438,170,3,0,8,10,0),(439,171,3,0,7,10,0),(440,171,4,14,8,10,16),(441,171,4,1,7,10,2),(442,171,2,0,4,10,0),(443,171,4,0,8,10,0),(444,171,4,0,7,10,0),(445,171,1,0,7,10,0),(446,171,4,0,7,10,0),(447,171,4,0,8,10,0),(448,171,2,0,8,10,0),(449,171,3,0,8,10,0),(450,172,3,0,7,10,0),(451,172,4,0,8,10,0),(452,172,4,0,7,10,0),(453,172,2,0,4,10,0),(454,172,4,0,8,10,0),(455,172,4,0,7,10,0),(456,172,1,0,7,10,0),(457,172,4,0,7,10,0),(458,172,4,0,8,10,0),(459,172,2,0,8,10,0),(460,172,3,0,8,10,0),(461,173,3,0,7,10,0),(462,173,4,0,8,10,0),(463,173,4,0,7,10,0),(464,173,2,0,4,10,0),(465,173,4,0,8,10,0),(466,173,4,0,7,10,0),(467,173,1,0,7,10,0),(468,173,4,0,7,10,0),(469,173,4,0,8,10,0),(470,173,2,0,8,10,0),(471,173,3,0,8,10,0),(472,174,3,0,7,10,0),(473,174,4,0,8,10,0),(474,174,4,0,7,10,0),(475,174,2,0,4,10,0),(476,174,4,0,8,10,0),(477,174,4,0,7,10,0),(478,174,1,0,7,10,0),(479,174,4,0,7,10,0),(480,174,4,0,8,10,0),(481,174,2,0,8,10,0),(482,174,3,0,8,10,0),(483,175,3,0,7,10,0),(484,175,4,0,8,10,0),(485,175,4,0,7,10,0),(486,175,2,0,4,10,0),(487,175,4,0,8,10,0),(488,175,4,0,7,10,0),(489,175,1,0,7,10,0),(490,175,4,0,7,10,0),(491,175,4,0,8,10,0),(492,175,2,0,8,10,0),(493,175,3,0,8,10,0),(494,176,3,0,7,10,0),(495,176,4,0,8,10,0),(496,176,4,0,7,10,0),(497,176,2,3,4,10,3),(498,176,4,1,8,10,2),(499,176,4,0,7,10,0),(500,176,1,0,7,10,0),(501,176,4,0,7,10,0),(502,176,4,0,8,10,0),(503,176,2,10,8,10,16),(504,176,3,0,8,10,0),(505,177,3,0,7,10,0),(506,177,4,0,8,10,0),(507,177,4,0,7,10,0),(508,177,2,3,4,10,3),(509,177,4,1,8,10,2),(510,177,4,0,7,10,0),(511,177,1,0,7,10,0),(512,177,4,0,7,10,0),(513,177,4,0,8,10,0),(514,177,2,10,8,10,16),(515,177,3,0,8,10,0),(516,178,3,0,7,10,0),(517,178,4,0,8,10,0),(518,178,4,0,7,10,0),(519,178,2,3,4,10,3),(520,178,4,1,8,10,2),(521,178,4,0,7,10,0),(522,178,1,0,7,10,0),(523,178,4,0,7,10,0),(524,178,4,0,8,10,0),(525,178,2,10,8,10,16),(526,178,3,0,8,10,0),(527,179,3,0,7,10,0),(528,179,4,0,8,10,0),(529,179,4,0,7,10,0),(530,179,2,7,4,10,6),(531,179,4,0,8,10,0),(532,179,4,0,7,10,0),(533,179,1,0,7,10,0),(534,179,4,0,7,10,0),(535,179,4,0,8,10,0),(536,179,2,1,8,10,2),(537,179,3,0,8,10,0),(538,180,3,0,7,10,0),(539,180,4,0,8,10,0),(540,180,4,0,7,10,0),(541,180,2,7,4,10,6),(542,180,4,0,8,10,0),(543,180,4,0,7,10,0),(544,180,1,0,7,10,0),(545,180,4,0,7,10,0),(546,180,4,0,8,10,0),(547,180,2,1,8,10,2),(548,180,3,0,8,10,0),(549,181,3,0,7,10,0),(550,181,4,0,8,10,0),(551,181,4,0,7,10,0),(552,181,2,7,4,10,6),(553,181,4,0,8,10,0),(554,181,4,0,7,10,0),(555,181,1,0,7,10,0),(556,181,4,0,7,10,0),(557,181,4,0,8,10,0),(558,181,2,1,8,10,2),(559,181,3,0,8,10,0),(560,182,3,0,7,10,0),(561,182,4,0,8,10,0),(562,182,4,0,7,10,0),(563,182,2,4,4,10,4),(564,182,4,0,8,10,0),(565,182,4,0,7,10,0),(566,182,1,0,7,10,0),(567,182,4,0,7,10,0),(568,182,4,0,8,10,0),(569,182,2,0,8,10,0),(570,182,3,0,8,10,0),(571,183,3,0,7,10,0),(572,183,4,0,8,10,0),(573,183,4,0,7,10,0),(574,183,2,4,4,10,4),(575,183,4,0,8,10,0),(576,183,4,0,7,10,0),(577,183,1,0,7,10,0),(578,183,4,0,7,10,0),(579,183,4,0,8,10,0),(580,183,2,0,8,10,0),(581,183,3,0,8,10,0),(582,184,3,0,7,10,0),(583,184,4,0,8,10,0),(584,184,4,0,7,10,0),(585,184,2,4,4,10,4),(586,184,4,0,8,10,0),(587,184,4,0,7,10,0),(588,184,1,0,7,10,0),(589,184,4,0,7,10,0),(590,184,4,0,8,10,0),(591,184,2,0,8,10,0),(592,184,3,0,8,10,0),(593,185,3,0,7,10,0),(594,185,4,0,8,10,0),(595,185,4,0,7,10,0),(596,185,2,4,4,10,4),(597,185,4,0,8,10,0),(598,185,4,0,7,10,0),(599,185,1,0,7,10,0),(600,185,4,0,7,10,0),(601,185,4,0,8,10,0),(602,185,2,0,8,10,0),(603,185,3,0,8,10,0),(604,186,3,0,7,10,0),(605,186,4,0,8,10,0),(606,186,4,0,7,10,0),(607,186,2,0,4,10,0),(608,186,4,0,8,10,0),(609,186,4,0,7,10,0),(610,186,1,0,7,10,0),(611,186,4,0,7,10,0),(612,186,4,0,8,10,0),(613,186,2,0,8,10,0),(614,186,3,0,8,10,0),(615,187,5,0,5,10,0),(616,187,5,0,5,10,0),(617,187,5,0,5,10,0),(618,187,5,0,5,10,0),(619,187,5,0,5,10,0),(620,188,5,0,5,10,0),(621,188,5,0,5,10,0),(622,188,5,0,5,10,0),(623,188,5,0,5,10,0),(624,188,5,0,5,10,0),(625,189,7,2,5,10,2),(626,189,7,0,5,10,0),(627,189,7,0,5,10,0),(628,189,7,0,5,10,0),(629,189,7,0,5,10,0),(630,190,7,0,5,10,0),(631,190,7,0,5,10,0),(632,190,7,0,5,10,0),(633,190,7,0,5,10,0),(634,190,7,0,5,10,0),(635,191,3,0,7,10,0),(636,191,4,0,8,10,0),(637,191,4,0,7,10,0),(638,191,2,0,4,10,0),(639,191,4,0,8,10,0),(640,191,4,0,7,10,0),(641,191,1,0,7,10,0),(642,191,4,0,7,10,0),(643,191,4,0,8,10,0),(644,191,2,0,8,10,0),(645,191,3,0,8,10,0),(646,192,3,0,7,10,0),(647,192,4,0,8,10,0),(648,192,4,0,7,10,0),(649,192,2,0,4,10,0),(650,192,4,0,8,10,0),(651,192,4,0,7,10,0),(652,192,1,0,7,10,0),(653,192,4,0,7,10,0),(654,192,4,0,8,10,0),(655,192,2,0,8,10,0),(656,192,3,0,8,10,0),(657,193,3,0,7,10,0),(658,193,4,0,8,10,0),(659,193,4,0,7,10,0),(660,193,2,0,4,10,0),(661,193,4,0,8,10,0),(662,193,4,0,7,10,0),(663,193,1,0,7,10,0),(664,193,4,0,7,10,0),(665,193,4,0,8,10,0),(666,193,2,0,8,10,0),(667,193,3,0,8,10,0),(668,194,3,0,7,10,0),(669,194,4,0,8,10,0),(670,194,4,0,7,10,0),(671,194,2,0,4,10,0),(672,194,4,0,8,10,0),(673,194,4,0,7,10,0),(674,194,1,0,7,10,0),(675,194,4,0,7,10,0),(676,194,4,0,8,10,0),(677,194,2,0,8,10,0),(678,194,3,0,8,10,0),(679,195,3,0,7,10,0),(680,195,4,0,8,10,0),(681,195,4,0,7,10,0),(682,195,2,29,4,10,8),(683,195,4,2,8,10,4),(684,195,4,0,7,10,0),(685,195,1,0,7,10,0),(686,195,4,0,7,10,0),(687,195,4,0,8,10,0),(688,195,2,49,8,10,16),(689,195,3,0,8,10,0),(690,196,3,0,7,10,0),(691,196,4,0,8,10,0),(692,196,4,0,7,10,0),(693,196,2,29,4,10,8),(694,196,4,2,8,10,4),(695,196,4,0,7,10,0),(696,196,1,0,7,10,0),(697,196,4,0,7,10,0),(698,196,4,0,8,10,0),(699,196,2,49,8,10,16),(700,196,3,0,8,10,0),(701,197,3,0,7,10,0),(702,197,4,0,8,10,0),(703,197,4,0,7,10,0),(704,197,2,35,4,10,8),(705,197,4,1,8,10,2),(706,197,4,0,7,10,0),(707,197,1,0,7,10,0),(708,197,4,0,7,10,0),(709,197,4,0,8,10,0),(710,197,2,78,8,10,16),(711,197,3,1,8,10,2),(712,198,5,52,5,10,10),(713,198,5,16,5,10,10),(714,198,5,0,5,10,0),(715,198,5,1,5,10,1),(716,198,5,2,5,10,2),(717,199,5,51,5,10,10),(718,199,5,20,5,10,10),(719,199,5,5,5,10,5),(720,199,5,0,5,10,0),(721,199,5,0,5,10,0),(722,200,3,0,7,10,0),(723,200,4,0,8,10,0),(724,200,4,0,7,10,0),(725,200,2,31,4,10,8),(726,200,4,0,8,10,0),(727,200,4,0,7,10,0),(728,200,1,0,7,10,0),(729,200,4,0,7,10,0),(730,200,4,0,8,10,0),(731,200,2,19,8,10,16),(732,200,3,0,8,10,0),(733,201,3,0,7,10,0),(734,201,4,0,8,10,0),(735,201,4,0,7,10,0),(736,201,2,0,4,10,0),(737,201,4,0,8,10,0),(738,201,4,0,7,10,0),(739,201,1,0,7,10,0),(740,201,4,0,7,10,0),(741,201,4,0,8,10,0),(742,201,2,0,8,10,0),(743,201,3,0,8,10,0),(744,202,3,0,7,10,0),(745,202,4,0,8,10,0),(746,202,4,0,7,10,0),(747,202,2,0,4,10,0),(748,202,4,0,8,10,0),(749,202,4,0,7,10,0),(750,202,1,0,7,10,0),(751,202,4,0,7,10,0),(752,202,4,0,8,10,0),(753,202,2,3,8,10,5),(754,202,3,0,8,10,0),(755,203,3,0,7,10,0),(756,203,4,0,8,10,0),(757,203,4,0,7,10,0),(758,203,2,0,4,10,0),(759,203,4,0,8,10,0),(760,203,4,0,7,10,0),(761,203,1,0,7,10,0),(762,203,4,0,7,10,0),(763,203,4,0,8,10,0),(764,203,2,3,8,10,5),(765,203,3,0,8,10,0),(766,204,3,0,7,10,0),(767,204,4,1,8,10,2),(768,204,4,0,7,10,0),(769,204,2,0,4,10,0),(770,204,4,15,8,10,16),(771,204,4,0,7,10,0),(772,204,1,0,7,10,0),(773,204,4,0,7,10,0),(774,204,4,0,8,10,0),(775,204,2,0,8,10,0),(776,204,3,0,8,10,0),(777,205,3,0,7,10,0),(778,205,4,0,8,10,0),(779,205,4,1,7,10,2),(780,205,2,1,4,10,1),(781,205,4,0,8,10,0),(782,205,4,0,7,10,0),(783,205,1,0,7,10,0),(784,205,4,0,7,10,0),(785,205,4,0,8,10,0),(786,205,2,0,8,10,0),(787,205,3,0,8,10,0),(788,206,3,0,7,10,0),(789,206,4,0,8,10,0),(790,206,4,0,7,10,0),(791,206,2,0,4,10,0),(792,206,4,0,8,10,0),(793,206,4,0,7,10,0),(794,206,1,0,7,10,0),(795,206,4,0,7,10,0),(796,206,4,0,8,10,0),(797,206,2,0,8,10,0),(798,206,3,0,8,10,0),(799,207,3,0,7,10,0),(800,207,4,0,8,10,0),(801,207,4,0,7,10,0),(802,207,2,0,4,10,0),(803,207,4,0,8,10,0),(804,207,4,4,7,10,6),(805,207,1,0,7,10,0),(806,207,4,0,7,10,0),(807,207,4,0,8,10,0),(808,207,2,0,8,10,0),(809,207,3,0,8,10,0),(810,208,3,0,7,10,0),(811,208,4,0,8,10,0),(812,208,4,0,7,10,0),(813,208,2,0,4,10,0),(814,208,4,0,8,10,0),(815,208,4,0,7,10,0),(816,208,1,0,7,10,0),(817,208,4,0,7,10,0),(818,208,4,0,8,10,0),(819,208,2,0,8,10,0),(820,208,3,0,8,10,0),(821,209,3,0,7,10,0),(822,209,4,0,8,10,0),(823,209,4,0,7,10,0),(824,209,2,0,4,10,0),(825,209,4,0,8,10,0),(826,209,4,0,7,10,0),(827,209,1,0,7,10,0),(828,209,4,0,7,10,0),(829,209,4,0,8,10,0),(830,209,2,0,8,10,0),(831,209,3,0,8,10,0),(832,210,3,4,7,6,10),(833,210,4,0,8,6,0),(834,210,4,8,7,6,14),(835,210,2,26,4,20,8),(836,210,4,2,8,6,6),(837,210,4,2,7,6,5),(838,210,1,14,7,40,5),(839,210,4,6,7,6,14),(840,210,4,0,8,6,0),(841,210,2,0,8,40,0),(842,210,3,0,8,6,0),(843,211,3,12,7,6,14),(844,211,4,0,8,6,0),(845,211,4,0,7,6,0),(846,211,2,25,4,20,8),(847,211,4,3,8,6,8),(848,211,4,3,7,6,7),(849,211,1,84,7,20,14),(850,211,4,2,7,6,5),(851,211,4,10,8,6,16),(852,211,2,41,8,40,16),(853,211,3,45,8,6,16),(854,212,3,39,7,6,14),(855,212,4,1,8,6,3),(856,212,4,52,7,6,14),(857,212,2,26,4,20,8),(858,212,4,8,8,6,16),(859,212,4,3,7,6,7),(860,212,1,72,7,20,14),(861,212,4,3,7,6,7),(862,212,4,0,8,6,0),(863,212,2,72,8,40,16),(864,212,3,57,8,6,16),(865,213,3,39,7,6,14),(866,213,4,50,8,6,16),(867,213,4,8,7,6,14),(868,213,2,40,4,20,8),(869,213,4,99,8,6,16),(870,213,4,66,7,6,14),(871,213,1,0,7,20,0),(872,213,4,5,7,6,12),(873,213,4,0,8,6,0),(874,213,2,0,8,40,0),(875,213,3,0,8,6,0),(876,214,3,27,7,6,14),(877,214,4,3,8,12,4),(878,214,4,7,7,12,9),(879,214,2,33,4,20,8),(880,214,4,17,8,12,16),(881,214,4,12,7,12,14),(882,214,1,2,7,20,2),(883,214,4,30,7,12,14),(884,214,4,47,8,12,16),(885,214,2,74,8,40,16),(886,214,3,86,8,6,16),(887,215,3,0,7,6,0),(888,215,4,0,8,12,0),(889,215,4,45,7,12,14),(890,215,2,38,4,20,8),(891,215,4,3,8,12,4),(892,215,4,0,7,12,0),(893,215,1,0,7,20,0),(894,215,4,0,7,12,0),(895,215,4,0,8,12,0),(896,215,2,76,8,40,16),(897,215,3,4,8,6,11),(898,216,3,2,7,6,5),(899,216,4,6,8,12,8),(900,216,4,0,7,12,0),(901,216,2,10,4,20,4),(902,216,4,0,8,12,0),(903,216,4,2,7,12,3),(904,216,1,1,7,20,1),(905,216,4,10,7,12,12),(906,216,4,4,8,12,6),(907,216,2,59,8,40,16),(908,216,3,20,8,6,16),(909,217,5,28,5,10,10),(910,217,5,30,5,10,10),(911,217,5,0,5,10,0),(912,217,5,79,5,10,10),(913,217,5,0,5,10,0),(914,218,6,34,5,10,10),(915,218,6,0,5,10,0),(916,218,6,0,5,10,0),(917,218,6,0,5,10,0),(918,218,6,0,5,10,0),(919,218,6,0,5,10,0),(920,218,6,0,5,10,0),(921,218,6,0,5,10,0),(922,218,6,0,5,10,0),(923,218,6,0,5,10,0),(924,219,3,0,7,6,0),(925,219,4,0,8,12,0),(926,219,4,134,7,12,14),(927,219,2,0,4,20,0),(928,219,4,58,8,12,16),(929,219,4,3,7,12,4),(930,219,1,0,7,20,0),(931,219,4,5,7,12,6),(932,219,4,2,8,12,3),(933,219,2,0,8,40,0),(934,219,3,0,8,6,0),(935,220,3,0,7,6,0),(936,220,4,3,8,12,4),(937,220,4,5,7,12,6),(938,220,2,0,4,20,0),(939,220,4,10,8,12,14),(940,220,4,0,7,12,0),(941,220,1,17,7,20,12),(942,220,4,78,7,12,14),(943,220,4,35,8,12,16),(944,220,2,0,8,40,0),(945,220,3,0,8,6,0),(946,221,3,0,7,6,0),(947,221,4,3,8,12,4),(948,221,4,5,7,12,6),(949,221,2,0,4,20,0),(950,221,4,10,8,12,14),(951,221,4,0,7,12,0),(952,221,1,17,7,20,12),(953,221,4,78,7,12,14),(954,221,4,35,8,12,16),(955,221,2,0,8,40,0),(956,221,3,0,8,6,0),(957,222,3,0,7,6,0),(958,222,4,3,8,12,4),(959,222,4,5,7,12,6),(960,222,2,0,4,20,0),(961,222,4,10,8,12,14),(962,222,4,0,7,12,0),(963,222,1,17,7,20,12),(964,222,4,78,7,12,14),(965,222,4,35,8,12,16),(966,222,2,0,8,40,0),(967,222,3,0,8,6,0),(968,223,3,0,7,6,0),(969,223,4,3,8,12,4),(970,223,4,5,7,12,6),(971,223,2,0,4,20,0),(972,223,4,10,8,12,14),(973,223,4,0,7,12,0),(974,223,1,17,7,20,12),(975,223,4,78,7,12,14),(976,223,4,35,8,12,16),(977,223,2,0,8,40,0),(978,223,3,0,8,6,0),(979,224,3,0,7,6,0),(980,224,4,3,8,12,4),(981,224,4,5,7,12,6),(982,224,2,0,4,20,0),(983,224,4,10,8,12,14),(984,224,4,0,7,12,0),(985,224,1,17,7,20,12),(986,224,4,78,7,12,14),(987,224,4,35,8,12,16),(988,224,2,0,8,40,0),(989,224,3,0,8,6,0),(990,225,3,0,7,6,0),(991,225,4,3,8,12,4),(992,225,4,5,7,12,6),(993,225,2,0,4,20,0),(994,225,4,10,8,12,14),(995,225,4,0,7,12,0),(996,225,1,17,7,20,12),(997,225,4,78,7,12,14),(998,225,4,35,8,12,16),(999,225,2,0,8,40,0),(1000,225,3,0,8,6,0),(1001,226,3,0,7,6,0),(1002,226,4,3,8,12,4),(1003,226,4,5,7,12,6),(1004,226,2,0,4,20,0),(1005,226,4,10,8,12,14),(1006,226,4,0,7,12,0),(1007,226,1,17,7,20,12),(1008,226,4,78,7,12,14),(1009,226,4,35,8,12,16),(1010,226,2,0,8,40,0),(1011,226,3,0,8,6,0),(1012,227,3,0,7,6,0),(1013,227,4,3,8,12,4),(1014,227,4,5,7,12,6),(1015,227,2,0,4,20,0),(1016,227,4,10,8,12,14),(1017,227,4,0,7,12,0),(1018,227,1,17,7,20,12),(1019,227,4,78,7,12,14),(1020,227,4,35,8,12,16),(1021,227,2,0,8,40,0),(1022,227,3,0,8,6,0),(1023,228,3,0,7,6,0),(1024,228,4,3,8,12,4),(1025,228,4,5,7,12,6),(1026,228,2,0,4,20,0),(1027,228,4,10,8,12,14),(1028,228,4,0,7,12,0),(1029,228,1,17,7,20,12),(1030,228,4,78,7,12,14),(1031,228,4,35,8,12,16),(1032,228,2,0,8,40,0),(1033,228,3,0,8,6,0),(1034,229,3,0,7,6,0),(1035,229,4,3,8,12,4),(1036,229,4,5,7,12,6),(1037,229,2,0,4,20,0),(1038,229,4,10,8,12,14),(1039,229,4,0,7,12,0),(1040,229,1,17,7,20,12),(1041,229,4,78,7,12,14),(1042,229,4,35,8,12,16),(1043,229,2,0,8,40,0),(1044,229,3,0,8,6,0),(1045,230,3,0,7,6,0),(1046,230,4,3,8,12,4),(1047,230,4,5,7,12,6),(1048,230,2,0,4,20,0),(1049,230,4,10,8,12,14),(1050,230,4,0,7,12,0),(1051,230,1,17,7,20,12),(1052,230,4,78,7,12,14),(1053,230,4,35,8,12,16),(1054,230,2,0,8,40,0),(1055,230,3,0,8,6,0),(1056,231,3,0,7,6,0),(1057,231,4,3,8,12,4),(1058,231,4,5,7,12,6),(1059,231,2,0,4,20,0),(1060,231,4,10,8,12,14),(1061,231,4,0,7,12,0),(1062,231,1,17,7,20,12),(1063,231,4,78,7,12,14),(1064,231,4,35,8,12,16),(1065,231,2,0,8,40,0),(1066,231,3,0,8,6,0),(1067,232,3,0,7,6,0),(1068,232,4,3,8,12,4),(1069,232,4,5,7,12,6),(1070,232,2,0,4,20,0),(1071,232,4,10,8,12,14),(1072,232,4,0,7,12,0),(1073,232,1,17,7,20,12),(1074,232,4,78,7,12,14),(1075,232,4,35,8,12,16),(1076,232,2,0,8,40,0),(1077,232,3,0,8,6,0),(1078,233,3,0,7,6,0),(1079,233,4,3,8,12,4),(1080,233,4,5,7,12,6),(1081,233,2,0,4,20,0),(1082,233,4,10,8,12,14),(1083,233,4,0,7,12,0),(1084,233,1,17,7,20,12),(1085,233,4,78,7,12,14),(1086,233,4,35,8,12,16),(1087,233,2,0,8,40,0),(1088,233,3,0,8,6,0),(1089,234,3,0,7,6,0),(1090,234,4,30,8,12,16),(1091,234,4,0,7,12,0),(1092,234,2,0,4,20,0),(1093,234,4,16,8,12,16),(1094,234,4,14,7,12,14),(1095,234,1,3,7,20,3),(1096,234,4,4,7,12,5),(1097,234,4,1,8,12,2),(1098,234,2,0,8,40,0),(1099,234,3,0,8,6,0),(1100,235,3,0,7,6,0),(1101,235,4,30,8,12,16),(1102,235,4,0,7,12,0),(1103,235,2,0,4,20,0),(1104,235,4,16,8,12,16),(1105,235,4,14,7,12,14),(1106,235,1,3,7,20,3),(1107,235,4,4,7,12,5),(1108,235,4,1,8,12,2),(1109,235,2,0,8,40,0),(1110,235,3,0,8,6,0),(1111,236,3,0,7,6,0),(1112,236,4,1,8,12,2),(1113,236,4,14,7,12,14),(1114,236,2,0,4,20,0),(1115,236,4,2,8,12,3),(1116,236,4,1,7,12,2),(1117,236,1,10,7,20,7),(1118,236,4,3,7,12,4),(1119,236,4,0,8,12,0),(1120,236,2,0,8,40,0),(1121,236,3,0,8,6,0),(1122,237,3,0,7,6,0),(1123,237,4,2,8,12,3),(1124,237,4,2,7,12,3),(1125,237,2,0,4,20,0),(1126,237,4,3,8,12,4),(1127,237,4,6,7,12,7),(1128,237,1,0,7,20,0),(1129,237,4,27,7,12,14),(1130,237,4,1,8,12,2),(1131,237,2,0,8,40,0),(1132,237,3,0,8,6,0),(1133,238,3,0,7,6,0),(1134,238,4,146,8,12,16),(1135,238,4,155,7,12,14),(1136,238,2,1,4,20,1),(1137,238,4,48,8,12,16),(1138,238,4,5,7,12,6),(1139,238,1,0,7,20,0),(1140,238,4,0,7,12,0),(1141,238,4,70,8,12,16),(1142,238,2,0,8,40,0),(1143,238,3,11,8,6,16),(1144,239,3,4,7,6,10),(1145,239,4,7,8,12,10),(1146,239,4,0,7,12,0),(1147,239,2,0,4,20,0),(1148,239,4,147,8,12,16),(1149,239,4,162,7,12,14),(1150,239,1,1,7,20,1),(1151,239,4,0,7,12,0),(1152,239,4,9,8,12,12),(1153,239,2,0,8,40,0),(1154,239,3,0,8,6,0),(1155,240,3,0,7,6,0),(1156,240,4,0,8,12,0),(1157,240,4,0,7,12,0),(1158,240,2,0,4,20,0),(1159,240,4,0,8,12,0),(1160,240,4,0,7,12,0),(1161,240,1,0,7,20,0),(1162,240,4,0,7,12,0),(1163,240,4,0,8,12,0),(1164,240,2,0,8,40,0),(1165,240,3,0,8,6,0),(1166,241,3,0,7,6,0),(1167,241,4,0,8,12,0),(1168,241,4,0,7,12,0),(1169,241,2,0,4,20,0),(1170,241,4,0,8,12,0),(1171,241,4,0,7,12,0),(1172,241,1,0,7,20,0),(1173,241,4,0,7,12,0),(1174,241,4,0,8,12,0),(1175,241,2,0,8,40,0),(1176,241,3,0,8,6,0),(1177,242,3,0,7,6,0),(1178,242,4,0,8,12,0),(1179,242,4,0,7,12,0),(1180,242,2,0,4,20,0),(1181,242,4,0,8,12,0),(1182,242,4,0,7,12,0),(1183,242,1,0,7,20,0),(1184,242,4,0,7,12,0),(1185,242,4,0,8,12,0),(1186,242,2,0,8,40,0),(1187,242,3,0,8,6,0),(1188,243,3,0,7,6,0),(1189,243,4,152,8,12,16),(1190,243,4,91,7,12,14),(1191,243,2,0,4,20,0),(1192,243,4,128,8,12,16),(1193,243,4,232,7,12,14),(1194,243,1,1,7,20,1),(1195,243,4,214,7,12,14),(1196,243,4,71,8,12,16),(1197,243,2,0,8,40,0),(1198,243,3,0,8,6,0),(1199,244,3,0,7,6,0),(1200,244,4,41,8,12,16),(1201,244,4,1,7,12,2),(1202,244,2,0,4,20,0),(1203,244,4,32,8,12,16),(1204,244,4,57,7,12,14),(1205,244,1,2,7,20,2),(1206,244,4,48,7,12,14),(1207,244,4,38,8,12,16),(1208,244,2,0,8,40,0),(1209,244,3,0,8,6,0),(1210,245,3,0,7,6,0),(1211,245,4,18,8,12,16),(1212,245,4,3,7,12,4),(1213,245,2,0,4,20,0),(1214,245,4,22,8,12,16),(1215,245,4,1,7,12,2),(1216,245,1,63,7,20,14),(1217,245,4,8,7,12,10),(1218,245,4,38,8,12,16),(1219,245,2,0,8,40,0),(1220,245,3,5,8,6,14),(1221,246,3,0,7,6,0),(1222,246,4,113,8,12,16),(1223,246,4,108,7,12,14),(1224,246,2,0,4,20,0),(1225,246,4,117,8,12,16),(1226,246,4,5507,7,12,14),(1227,246,1,0,7,20,0),(1228,246,4,17,7,12,14),(1229,246,4,106,8,12,16),(1230,246,2,0,8,40,0),(1231,246,3,0,8,6,0),(1232,247,3,0,7,6,0),(1233,247,4,0,8,12,0),(1234,247,4,0,7,12,0),(1235,247,2,0,4,20,0),(1236,247,4,3,8,12,4),(1237,247,4,0,7,12,0),(1238,247,1,0,7,20,0),(1239,247,4,0,7,12,0),(1240,247,4,0,8,12,0),(1241,247,2,0,8,40,0),(1242,247,3,0,8,6,0),(1243,248,3,0,7,6,0),(1244,248,4,133,8,12,16),(1245,248,4,81,7,12,14),(1246,248,2,1,4,20,1),(1247,248,4,288,8,12,16),(1248,248,4,132,7,12,14),(1249,248,1,1,7,20,1),(1250,248,4,153,7,12,14),(1251,248,4,166,8,12,16),(1252,248,2,1,8,40,1),(1253,248,3,0,8,6,0),(1254,249,3,0,7,6,0),(1255,249,4,1,8,12,2),(1256,249,4,0,7,12,0),(1257,249,2,0,4,20,0),(1258,249,4,0,8,12,0),(1259,249,4,0,7,12,0),(1260,249,1,0,7,20,0),(1261,249,4,53,7,12,14),(1262,249,4,34,8,12,16),(1263,249,2,0,8,40,0),(1264,249,3,0,8,6,0),(1265,250,3,0,7,6,0),(1266,250,4,41,8,12,16),(1267,250,4,7,7,12,9),(1268,250,2,0,4,20,0),(1269,250,4,18,8,12,16),(1270,250,4,8,7,12,10),(1271,250,1,2,7,20,2),(1272,250,4,34,7,12,14),(1273,250,4,9,8,12,12),(1274,250,2,0,8,40,0),(1275,250,3,0,8,6,0),(1276,251,3,0,7,6,0),(1277,251,4,175,8,12,16),(1278,251,4,155,7,12,14),(1279,251,2,0,4,20,0),(1280,251,4,150,8,12,16),(1281,251,4,157,7,12,14),(1282,251,1,1,7,20,1),(1283,251,4,180,7,12,14),(1284,251,4,220,8,12,16),(1285,251,2,0,8,40,0),(1286,251,3,0,8,6,0),(1287,252,3,0,7,6,0),(1288,252,4,177,8,12,16),(1289,252,4,154,7,12,14),(1290,252,2,1,4,20,1),(1291,252,4,169,8,12,16),(1292,252,4,169,7,12,14),(1293,252,1,2,7,20,2),(1294,252,4,107,7,12,14),(1295,252,4,1,8,12,2),(1296,252,2,0,8,40,0),(1297,252,3,0,8,6,0),(1298,253,3,0,7,6,0),(1299,253,4,114,8,12,16),(1300,253,4,99,7,12,14),(1301,253,2,1,4,20,1),(1302,253,4,4,8,12,6),(1303,253,4,33,7,12,14),(1304,253,1,0,7,20,0),(1305,253,4,15,7,12,14),(1306,253,4,52,8,12,16),(1307,253,2,0,8,40,0),(1308,253,3,0,8,6,0),(1309,254,3,0,7,6,0),(1310,254,4,174,8,12,16),(1311,254,4,152,7,12,14),(1312,254,2,1,4,20,1),(1313,254,4,201,8,12,16),(1314,254,4,173,7,12,14),(1315,254,1,1,7,20,1),(1316,254,4,67,7,12,14),(1317,254,4,139,8,12,16),(1318,254,2,0,8,40,0),(1319,254,3,0,8,6,0),(1320,255,3,0,7,6,0),(1321,255,4,157,8,12,16),(1322,255,4,124,7,12,14),(1323,255,2,0,4,20,0),(1324,255,4,101,8,12,16),(1325,255,4,157,7,12,14),(1326,255,1,1,7,20,1),(1327,255,4,131,7,12,14),(1328,255,4,183,8,12,16),(1329,255,2,1,8,40,1),(1330,255,3,0,8,6,0),(1331,256,3,0,7,6,0),(1332,256,4,183,8,12,16),(1333,256,4,152,7,12,14),(1334,256,2,2,4,20,1),(1335,256,4,3,8,12,4),(1336,256,4,0,7,12,0),(1337,256,1,114,7,20,14),(1338,256,4,65,7,12,14),(1339,256,4,142,8,12,16),(1340,256,2,0,8,40,0),(1341,256,3,0,8,6,0),(1342,257,3,0,7,6,0),(1343,257,4,3,8,12,4),(1344,257,4,0,7,12,0),(1345,257,2,0,4,20,0),(1346,257,4,15,8,12,16),(1347,257,4,186,7,12,14),(1348,257,1,1,7,20,1),(1349,257,4,112,7,12,14),(1350,257,4,167,8,12,16),(1351,257,2,1,8,40,1),(1352,257,3,0,8,6,0),(1353,258,3,0,7,6,0),(1354,258,4,177,8,12,16),(1355,258,4,117,7,12,14),(1356,258,2,0,4,20,0),(1357,258,4,195,8,12,16),(1358,258,4,163,7,12,14),(1359,258,1,1,7,20,1),(1360,258,4,185,7,12,14),(1361,258,4,215,8,12,16),(1362,258,2,1,8,40,1),(1363,258,3,2,8,6,6),(1364,259,3,3,7,6,7),(1365,259,4,193,8,12,16),(1366,259,4,166,7,12,14),(1367,259,2,1,4,20,1),(1368,259,4,183,8,12,16),(1369,259,4,222,7,12,14),(1370,259,1,1,7,20,1),(1371,259,4,0,7,12,0),(1372,259,4,0,8,12,0),(1373,259,2,0,8,40,0),(1374,259,3,260,8,6,16),(1375,260,3,0,7,6,0),(1376,260,4,130,8,12,16),(1377,260,4,11,7,12,13),(1378,260,2,0,4,20,0),(1379,260,4,62,8,12,16),(1380,260,4,84,7,12,14),(1381,260,1,1,7,20,1),(1382,260,4,144,7,12,14),(1383,260,4,181,8,12,16),(1384,260,2,0,8,40,0),(1385,260,3,0,8,6,0),(1386,261,3,0,7,6,0),(1387,261,4,10,8,12,14),(1388,261,4,0,7,12,0),(1389,261,2,0,4,20,0),(1390,261,4,22,8,12,16),(1391,261,4,54,7,12,14),(1392,261,1,1,7,20,1),(1393,261,4,156,7,12,14),(1394,261,4,176,8,12,16),(1395,261,2,1,8,40,1),(1396,261,3,0,8,6,0),(1397,262,3,0,7,6,0),(1398,262,4,0,8,12,0),(1399,262,4,0,7,12,0),(1400,262,2,0,4,20,0),(1401,262,4,87,8,12,16),(1402,262,4,119,7,12,14),(1403,262,1,2,7,20,2),(1404,262,4,154,7,12,14),(1405,262,4,144,8,12,16),(1406,262,2,1,8,40,1),(1407,262,3,0,8,6,0),(1408,263,3,23,7,6,14),(1409,263,4,159,8,12,16),(1410,263,4,165,7,12,14),(1411,263,2,0,4,20,0),(1412,263,4,160,8,12,16),(1413,263,4,158,7,12,14),(1414,263,1,2,7,20,2),(1415,263,4,165,7,12,14),(1416,263,4,260,8,12,16),(1417,263,2,1,8,40,1),(1418,263,3,3,8,6,8),(1419,264,3,0,7,6,0),(1420,264,4,304,8,12,16),(1421,264,4,277,7,12,14),(1422,264,2,0,4,20,0),(1423,264,4,343,8,12,16),(1424,264,4,174,7,12,14),(1425,264,1,2,7,20,2),(1426,264,4,178,7,12,14),(1427,264,4,184,8,12,16),(1428,264,2,1,8,40,1),(1429,264,3,0,8,6,0),(1430,265,3,0,7,6,0),(1431,265,4,207,8,12,16),(1432,265,4,176,7,12,14),(1433,265,2,1,4,20,1),(1434,265,4,197,8,12,16),(1435,265,4,119,7,12,14),(1436,265,1,1,7,20,1),(1437,265,4,156,7,12,14),(1438,265,4,192,8,12,16),(1439,265,2,1,8,40,1),(1440,265,3,10,8,6,16),(1441,266,3,0,7,6,0),(1442,266,4,46,8,12,16),(1443,266,4,33,7,12,14),(1444,266,2,0,4,20,0),(1445,266,4,0,8,12,0),(1446,266,4,11,7,12,13),(1447,266,1,0,7,20,0),(1448,266,4,0,7,12,0),(1449,266,4,42,8,12,16),(1450,266,2,0,8,40,0),(1451,266,3,211,8,6,16),(1452,267,3,0,7,6,0),(1453,267,4,179,8,12,16),(1454,267,4,145,7,12,14),(1455,267,2,0,4,20,0),(1456,267,4,126,8,12,16),(1457,267,4,60,7,12,14),(1458,267,1,1,7,20,1),(1459,267,4,18,7,12,14),(1460,267,4,13,8,12,16),(1461,267,2,0,8,40,0),(1462,267,3,4,8,6,11),(1463,268,3,0,7,6,0),(1464,268,4,135,8,12,16),(1465,268,4,15,7,12,14),(1466,268,2,0,4,20,0),(1467,268,4,26,8,12,16),(1468,268,4,118,7,12,14),(1469,268,1,1,7,20,1),(1470,268,4,15,7,12,14),(1471,268,4,10,8,12,14),(1472,268,2,1,8,40,1),(1473,268,3,0,8,6,0),(1474,269,3,0,7,6,0),(1475,269,4,215,8,12,16),(1476,269,4,201,7,12,14),(1477,269,2,0,4,20,0),(1478,269,4,229,8,12,16),(1479,269,4,164,7,12,14),(1480,269,1,1,7,20,1),(1481,269,4,193,7,12,14),(1482,269,4,232,8,12,16),(1483,269,2,0,8,40,0),(1484,269,3,0,8,6,0),(1485,270,3,0,7,6,0),(1486,270,4,194,8,12,16),(1487,270,4,185,7,12,14),(1488,270,2,0,4,20,0),(1489,270,4,146,8,12,16),(1490,270,4,37,7,12,14),(1491,270,1,0,7,20,0),(1492,270,4,75,7,12,14),(1493,270,4,193,8,12,16),(1494,270,2,0,8,40,0),(1495,270,3,146,8,6,16),(1496,271,3,0,7,6,0),(1497,271,4,230,8,12,16),(1498,271,4,203,7,12,14),(1499,271,2,0,4,20,0),(1500,271,4,219,8,12,16),(1501,271,4,184,7,12,14),(1502,271,1,1,7,20,1),(1503,271,4,168,7,12,14),(1504,271,4,319,8,12,16),(1505,271,2,0,8,40,0),(1506,271,3,0,8,6,0),(1507,272,3,0,7,6,0),(1508,272,4,179,8,12,16),(1509,272,4,170,7,12,14),(1510,272,2,0,4,20,0),(1511,272,4,214,8,12,16),(1512,272,4,176,7,12,14),(1513,272,1,1,7,20,1),(1514,272,4,167,7,12,14),(1515,272,4,154,8,12,16),(1516,272,2,0,8,40,0),(1517,272,3,0,8,6,0),(1518,273,3,0,7,6,0),(1519,273,4,179,8,12,16),(1520,273,4,170,7,12,14),(1521,273,2,0,4,20,0),(1522,273,4,214,8,12,16),(1523,273,4,176,7,12,14),(1524,273,1,1,7,20,1),(1525,273,4,167,7,12,14),(1526,273,4,154,8,12,16),(1527,273,2,0,8,40,0),(1528,273,3,0,8,6,0),(1529,274,3,4,7,6,10),(1530,274,4,228,8,12,16),(1531,274,4,153,7,12,14),(1532,274,2,0,4,20,0),(1533,274,4,217,8,12,16),(1534,274,4,215,7,12,14),(1535,274,1,1,7,20,1),(1536,274,4,209,7,12,14),(1537,274,4,211,8,12,16),(1538,274,2,0,8,40,0),(1539,274,3,57,8,6,16),(1540,275,3,1,7,6,3),(1541,275,4,120,8,12,16),(1542,275,4,124,7,12,14),(1543,275,2,2,4,20,1),(1544,275,4,169,8,12,16),(1545,275,4,148,7,12,14),(1546,275,1,1,7,20,1),(1547,275,4,38,7,12,14),(1548,275,4,5,8,12,7),(1549,275,2,0,8,40,0),(1550,275,3,19,8,6,16),(1551,276,3,1,7,6,3),(1552,276,4,120,8,12,16),(1553,276,4,124,7,12,14),(1554,276,2,2,4,20,1),(1555,276,4,169,8,12,16),(1556,276,4,148,7,12,14),(1557,276,1,1,7,20,1),(1558,276,4,38,7,12,14),(1559,276,4,5,8,12,7),(1560,276,2,0,8,40,0),(1561,276,3,19,8,6,16),(1562,277,3,1,7,6,3),(1563,277,4,120,8,12,16),(1564,277,4,124,7,12,14),(1565,277,2,2,4,20,1),(1566,277,4,169,8,12,16),(1567,277,4,148,7,12,14),(1568,277,1,1,7,20,1),(1569,277,4,38,7,12,14),(1570,277,4,5,8,12,7),(1571,277,2,0,8,40,0),(1572,277,3,19,8,6,16),(1573,278,3,1,7,6,3),(1574,278,4,120,8,12,16),(1575,278,4,124,7,12,14),(1576,278,2,2,4,20,1),(1577,278,4,169,8,12,16),(1578,278,4,148,7,12,14),(1579,278,1,1,7,20,1),(1580,278,4,38,7,12,14),(1581,278,4,5,8,12,7),(1582,278,2,0,8,40,0),(1583,278,3,19,8,6,16),(1584,279,3,1,7,6,3),(1585,279,4,120,8,12,16),(1586,279,4,124,7,12,14),(1587,279,2,2,4,20,1),(1588,279,4,169,8,12,16),(1589,279,4,148,7,12,14),(1590,279,1,1,7,20,1),(1591,279,4,38,7,12,14),(1592,279,4,5,8,12,7),(1593,279,2,0,8,40,0),(1594,279,3,19,8,6,16),(1595,280,3,1,7,6,3),(1596,280,4,120,8,12,16),(1597,280,4,124,7,12,14),(1598,280,2,2,4,20,1),(1599,280,4,169,8,12,16),(1600,280,4,148,7,12,14),(1601,280,1,1,7,20,1),(1602,280,4,38,7,12,14),(1603,280,4,5,8,12,7),(1604,280,2,0,8,40,0),(1605,280,3,19,8,6,16),(1606,281,3,1,7,6,3),(1607,281,4,120,8,12,16),(1608,281,4,124,7,12,14),(1609,281,2,2,4,20,1),(1610,281,4,169,8,12,16),(1611,281,4,148,7,12,14),(1612,281,1,1,7,20,1),(1613,281,4,38,7,12,14),(1614,281,4,5,8,12,7),(1615,281,2,0,8,40,0),(1616,281,3,19,8,6,16),(1617,282,3,1,7,6,3),(1618,282,4,120,8,12,16),(1619,282,4,124,7,12,14),(1620,282,2,2,4,20,1),(1621,282,4,169,8,12,16),(1622,282,4,148,7,12,14),(1623,282,1,1,7,20,1),(1624,282,4,38,7,12,14),(1625,282,4,5,8,12,7),(1626,282,2,0,8,40,0),(1627,282,3,19,8,6,16),(1628,283,3,1,7,6,3),(1629,283,4,120,8,12,16),(1630,283,4,124,7,12,14),(1631,283,2,2,4,20,1),(1632,283,4,169,8,12,16),(1633,283,4,148,7,12,14),(1634,283,1,1,7,20,1),(1635,283,4,38,7,12,14),(1636,283,4,5,8,12,7),(1637,283,2,0,8,40,0),(1638,283,3,19,8,6,16),(1639,284,3,8,7,6,14),(1640,284,4,168,8,12,16),(1641,284,4,177,7,12,14),(1642,284,2,1,4,20,1),(1643,284,4,138,8,12,16),(1644,284,4,158,7,12,14),(1645,284,1,0,7,20,0),(1646,284,4,54,7,12,14),(1647,284,4,56,8,12,16),(1648,284,2,0,8,40,0),(1649,284,3,4,8,6,11),(1650,285,3,0,7,6,0),(1651,285,4,0,8,12,0),(1652,285,4,0,7,12,0),(1653,285,2,0,4,20,0),(1654,285,4,0,8,12,0),(1655,285,4,0,7,12,0),(1656,285,1,0,7,20,0),(1657,285,4,0,7,12,0),(1658,285,4,0,8,12,0),(1659,285,2,0,8,40,0),(1660,285,3,0,8,6,0),(1661,286,3,0,7,6,0),(1662,286,4,0,8,12,0),(1663,286,4,0,7,12,0),(1664,286,2,0,4,20,0),(1665,286,4,0,8,12,0),(1666,286,4,0,7,12,0),(1667,286,1,0,7,20,0),(1668,286,4,0,7,12,0),(1669,286,4,0,8,12,0),(1670,286,2,0,8,40,0),(1671,286,3,0,8,6,0),(1672,287,3,0,7,6,0),(1673,287,4,0,8,12,0),(1674,287,4,0,7,12,0),(1675,287,2,0,4,20,0),(1676,287,4,0,8,12,0),(1677,287,4,0,7,12,0),(1678,287,1,0,7,20,0),(1679,287,4,0,7,12,0),(1680,287,4,0,8,12,0),(1681,287,2,0,8,40,0),(1682,287,3,0,8,6,0),(1683,288,3,0,7,6,0),(1684,288,4,0,8,12,0),(1685,288,4,0,7,12,0),(1686,288,2,0,4,20,0),(1687,288,4,0,8,12,0),(1688,288,4,0,7,12,0),(1689,288,1,0,7,20,0),(1690,288,4,0,7,12,0),(1691,288,4,0,8,12,0),(1692,288,2,0,8,40,0),(1693,288,3,0,8,6,0),(1694,289,3,0,7,6,0),(1695,289,4,0,8,12,0),(1696,289,4,0,7,12,0),(1697,289,2,0,4,20,0),(1698,289,4,0,8,12,0),(1699,289,4,0,7,12,0),(1700,289,1,0,7,20,0),(1701,289,4,0,7,12,0),(1702,289,4,0,8,12,0),(1703,289,2,0,8,40,0),(1704,289,3,0,8,6,0),(1705,290,3,0,7,6,0),(1706,290,4,0,8,12,0),(1707,290,4,0,7,12,0),(1708,290,2,0,4,20,0),(1709,290,4,0,8,12,0),(1710,290,4,1,7,12,2),(1711,290,1,0,7,20,0),(1712,290,4,0,7,12,0),(1713,290,4,0,8,12,0),(1714,290,2,0,8,40,0),(1715,290,3,0,8,6,0),(1716,291,4,0,8,12,0),(1717,291,2,0,8,30,0),(1718,291,3,0,7,10,0),(1719,291,2,0,10,30,0),(1720,291,4,996,9,12,18),(1721,291,2,0,8,30,0),(1722,291,3,15,7,10,14),(1723,291,1,0,9,20,0),(1724,292,5,54,5,10,10),(1725,292,5,74,5,10,10),(1726,292,5,63,5,10,10),(1727,292,5,72,5,10,10),(1728,292,5,61,5,10,10),(1729,293,3,0,7,6,0),(1730,293,4,0,8,12,0),(1731,293,4,0,7,12,0),(1732,293,2,0,4,20,0),(1733,293,4,0,8,12,0),(1734,293,4,0,7,12,0),(1735,293,1,0,7,20,0),(1736,293,4,0,7,12,0),(1737,293,4,0,8,12,0),(1738,293,2,0,8,40,0),(1739,293,3,0,8,6,0),(1740,294,3,0,7,6,0),(1741,294,4,0,8,12,0),(1742,294,4,0,7,12,0),(1743,294,2,0,4,20,0),(1744,294,4,0,8,12,0),(1745,294,4,0,7,12,0),(1746,294,1,0,7,20,0),(1747,294,4,0,7,12,0),(1748,294,4,0,8,12,0),(1749,294,2,0,8,40,0),(1750,294,3,0,8,6,0),(1751,295,3,0,7,6,0),(1752,295,4,0,8,12,0),(1753,295,4,0,7,12,0),(1754,295,2,0,4,20,0),(1755,295,4,0,8,12,0),(1756,295,4,0,7,12,0),(1757,295,1,0,7,20,0),(1758,295,4,0,7,12,0),(1759,295,4,0,8,12,0),(1760,295,2,0,8,40,0),(1761,295,3,0,8,6,0),(1762,296,3,0,7,6,0),(1763,296,4,0,8,12,0),(1764,296,4,0,7,12,0),(1765,296,2,0,4,20,0),(1766,296,4,0,8,12,0),(1767,296,4,0,7,12,0),(1768,296,1,0,7,20,0),(1769,296,4,0,7,12,0),(1770,296,4,0,8,12,0),(1771,296,2,0,8,40,0),(1772,296,3,0,8,6,0),(1773,297,3,0,7,6,0),(1774,297,4,0,8,12,0),(1775,297,4,0,7,12,0),(1776,297,2,0,4,20,0),(1777,297,4,0,8,12,0),(1778,297,4,0,7,12,0),(1779,297,1,0,7,20,0),(1780,297,4,0,7,12,0),(1781,297,4,0,8,12,0),(1782,297,2,0,8,40,0),(1783,297,3,0,8,6,0),(1784,298,3,0,7,6,0),(1785,298,4,0,8,12,0),(1786,298,4,0,7,12,0),(1787,298,2,0,4,20,0),(1788,298,4,0,8,12,0),(1789,298,4,0,7,12,0),(1790,298,1,0,7,20,0),(1791,298,4,0,7,12,0),(1792,298,4,0,8,12,0),(1793,298,2,0,8,40,0),(1794,298,3,0,8,6,0),(1795,299,5,33,5,10,10),(1796,299,5,16,5,10,10),(1797,299,5,0,5,10,0),(1798,299,5,1,5,10,1),(1799,299,5,37,5,10,10),(1800,300,3,0,7,6,0),(1801,300,4,0,8,12,0),(1802,300,4,0,7,12,0),(1803,300,2,0,4,20,0),(1804,300,4,0,8,12,0),(1805,300,4,0,7,12,0),(1806,300,1,0,7,20,0),(1807,300,4,0,7,12,0),(1808,300,4,32,8,12,16),(1809,300,2,4,8,40,2),(1810,300,3,2,8,6,6),(1811,301,3,0,7,6,0),(1812,301,4,7,8,12,10),(1813,301,4,16,7,12,14),(1814,301,2,0,4,20,0),(1815,301,4,1273,8,12,16),(1816,301,4,0,7,12,0),(1817,301,1,84,7,20,14),(1818,301,4,2,7,12,3),(1819,301,4,0,8,12,0),(1820,301,2,0,8,40,0),(1821,301,3,0,8,6,0),(1822,302,3,0,7,6,0),(1823,302,4,1,8,12,2),(1824,302,4,0,7,12,0),(1825,302,2,0,4,20,0),(1826,302,4,0,8,12,0),(1827,302,4,0,7,12,0),(1828,302,1,0,7,20,0),(1829,302,4,0,7,12,0),(1830,302,4,1,8,12,2),(1831,302,2,0,8,40,0),(1832,302,3,0,8,6,0),(1833,303,3,0,7,6,0),(1834,303,4,31,8,12,16),(1835,303,4,24,7,12,14),(1836,303,2,1,4,20,1),(1837,303,4,2,8,12,3),(1838,303,4,1,7,12,2),(1839,303,1,0,7,20,0),(1840,303,4,3,7,12,4),(1841,303,4,0,8,12,0),(1842,303,2,0,8,40,0),(1843,303,3,0,8,6,0),(1844,304,3,0,7,6,0),(1845,304,4,0,8,12,0),(1846,304,4,26,7,12,14),(1847,304,2,0,4,20,0),(1848,304,4,1,8,12,2),(1849,304,4,0,7,12,0),(1850,304,1,0,7,20,0),(1851,304,4,55,7,12,14),(1852,304,4,55,8,12,16),(1853,304,2,0,8,40,0),(1854,304,3,0,8,6,0),(1855,305,3,0,7,6,0),(1856,305,4,0,8,12,0),(1857,305,4,0,7,12,0),(1858,305,2,0,4,20,0),(1859,305,4,0,8,12,0),(1860,305,4,8,7,12,10),(1861,305,1,0,7,20,0),(1862,305,4,0,7,12,0),(1863,305,4,0,8,12,0),(1864,305,2,0,8,40,0),(1865,305,3,0,8,6,0),(1866,306,3,0,7,6,0),(1867,306,4,0,8,12,0),(1868,306,4,0,7,12,0),(1869,306,2,0,4,20,0),(1870,306,4,0,8,12,0),(1871,306,4,8,7,12,10),(1872,306,1,0,7,20,0),(1873,306,4,0,7,12,0),(1874,306,4,0,8,12,0),(1875,306,2,0,8,40,0),(1876,306,3,0,8,6,0),(1877,307,3,14,7,6,14),(1878,307,4,0,8,12,0),(1879,307,4,16,7,12,14),(1880,307,2,0,4,20,0),(1881,307,4,0,8,12,0),(1882,307,4,0,7,12,0),(1883,307,1,71,7,20,14),(1884,307,4,2,7,12,3),(1885,307,4,0,8,12,0),(1886,307,2,0,8,40,0),(1887,307,3,0,8,6,0),(1888,308,3,0,7,6,0),(1889,308,4,148,8,12,16),(1890,308,4,190,7,12,14),(1891,308,2,0,4,20,0),(1892,308,4,39,8,12,16),(1893,308,4,132,7,12,14),(1894,308,1,2,7,20,2),(1895,308,4,78,7,12,14),(1896,308,4,229,8,12,16),(1897,308,2,0,8,40,0),(1898,308,3,0,8,6,0),(1899,309,3,0,7,6,0),(1900,309,4,0,8,12,0),(1901,309,4,2,7,12,3),(1902,309,2,0,4,20,0),(1903,309,4,0,8,12,0),(1904,309,4,0,7,12,0),(1905,309,1,0,7,20,0),(1906,309,4,16,7,12,14),(1907,309,4,27,8,12,16),(1908,309,2,12,8,40,5),(1909,309,3,0,8,6,0),(1910,310,3,0,7,6,0),(1911,310,4,0,8,12,0),(1912,310,4,5,7,12,6),(1913,310,2,0,4,20,0),(1914,310,4,3,8,12,4),(1915,310,4,0,7,12,0),(1916,310,1,38,7,20,14),(1917,310,4,3,7,12,4),(1918,310,4,0,8,12,0),(1919,310,2,0,8,40,0),(1920,310,3,0,8,6,0),(1921,311,3,0,7,6,0),(1922,311,4,136,8,12,16),(1923,311,4,92,7,12,14),(1924,311,2,0,4,20,0),(1925,311,4,62,8,12,16),(1926,311,4,78,7,12,14),(1927,311,1,720,7,20,14),(1928,311,4,1,7,12,2),(1929,311,4,8,8,12,11),(1930,311,2,0,8,40,0),(1931,311,3,0,8,6,0),(1932,312,3,0,7,6,0),(1933,312,4,136,8,12,16),(1934,312,4,92,7,12,14),(1935,312,2,0,4,20,0),(1936,312,4,62,8,12,16),(1937,312,4,78,7,12,14),(1938,312,1,720,7,20,14),(1939,312,4,1,7,12,2),(1940,312,4,8,8,12,11),(1941,312,2,0,8,40,0),(1942,312,3,0,8,6,0),(1943,313,3,0,7,6,0),(1944,313,4,136,8,12,16),(1945,313,4,92,7,12,14),(1946,313,2,0,4,20,0),(1947,313,4,62,8,12,16),(1948,313,4,78,7,12,14),(1949,313,1,720,7,20,14),(1950,313,4,1,7,12,2),(1951,313,4,8,8,12,11),(1952,313,2,0,8,40,0),(1953,313,3,0,8,6,0),(1954,314,3,0,7,6,0),(1955,314,4,136,8,12,16),(1956,314,4,92,7,12,14),(1957,314,2,0,4,20,0),(1958,314,4,62,8,12,16),(1959,314,4,78,7,12,14),(1960,314,1,720,7,20,14),(1961,314,4,1,7,12,2),(1962,314,4,8,8,12,11),(1963,314,2,0,8,40,0),(1964,314,3,0,8,6,0),(1965,315,3,0,7,6,0),(1966,315,4,136,8,12,16),(1967,315,4,92,7,12,14),(1968,315,2,0,4,20,0),(1969,315,4,62,8,12,16),(1970,315,4,78,7,12,14),(1971,315,1,720,7,20,14),(1972,315,4,1,7,12,2),(1973,315,4,8,8,12,11),(1974,315,2,0,8,40,0),(1975,315,3,0,8,6,0),(1976,316,3,6,7,6,14),(1977,316,4,0,8,12,0),(1978,316,4,2,7,12,3),(1979,316,2,0,4,20,0),(1980,316,4,2,8,12,3),(1981,316,4,0,7,12,0),(1982,316,1,17,7,20,12),(1983,316,3,2,7,6,5),(1984,316,4,0,8,12,0),(1985,316,4,19,7,12,14),(1986,316,2,0,4,20,0),(1987,317,3,6,7,6,14),(1988,317,4,0,8,12,0),(1989,317,4,2,7,12,3),(1990,317,2,0,4,20,0),(1991,317,4,2,8,12,3),(1992,317,4,0,7,12,0),(1993,317,1,17,7,20,12),(1994,317,3,2,7,6,5),(1995,317,4,0,8,12,0),(1996,317,4,19,7,12,14),(1997,317,2,0,4,20,0),(1998,318,3,6,7,6,14),(1999,318,4,0,8,12,0),(2000,318,4,2,7,12,3),(2001,318,2,0,4,20,0),(2002,318,4,2,8,12,3),(2003,318,4,0,7,12,0),(2004,318,1,17,7,20,12),(2005,318,3,2,7,6,5),(2006,318,4,0,8,12,0),(2007,318,4,19,7,12,14),(2008,318,2,0,4,20,0),(2009,319,3,6,7,6,14),(2010,319,4,0,8,12,0),(2011,319,4,2,7,12,3),(2012,319,2,0,4,20,0),(2013,319,4,2,8,12,3),(2014,319,4,0,7,12,0),(2015,319,1,17,7,20,12),(2016,319,3,2,7,6,5),(2017,319,4,0,8,12,0),(2018,319,4,19,7,12,14),(2019,319,2,0,4,20,0),(2020,320,3,0,7,6,0),(2021,320,4,0,8,12,0),(2022,320,4,1,7,12,2),(2023,320,2,0,4,20,0),(2024,320,4,41,8,12,16),(2025,320,4,13,7,12,14),(2026,320,1,9,7,20,7),(2027,320,4,24,7,12,14),(2028,320,4,34,8,12,16),(2029,320,2,1,8,40,1),(2030,320,3,5,8,6,14),(2031,321,3,0,7,6,0),(2032,321,4,32,8,12,16),(2033,321,4,0,7,12,0),(2034,321,2,13,4,20,6),(2035,321,4,22,8,12,16),(2036,321,4,47,7,12,14),(2037,321,1,0,7,20,0),(2038,321,4,1,7,12,2),(2039,321,4,0,8,12,0),(2040,321,2,0,8,40,0),(2041,321,3,2,8,6,6),(2042,322,3,2,7,6,5),(2043,322,4,1,8,12,2),(2044,322,4,0,7,12,0),(2045,322,2,0,4,20,0),(2046,322,4,2,8,12,3),(2047,322,4,8,7,12,10),(2048,322,1,0,7,20,0),(2049,322,4,4,7,12,5),(2050,322,4,4,8,12,6),(2051,322,2,0,8,40,0),(2052,322,3,20,8,6,16),(2053,323,3,0,7,6,0),(2054,323,4,0,8,12,0),(2055,323,4,0,7,12,0),(2056,323,2,0,4,20,0),(2057,323,4,0,8,12,0),(2058,323,4,0,7,12,0),(2059,323,1,97,7,20,14),(2060,323,4,4,7,12,5),(2061,323,4,0,8,12,0),(2062,323,2,0,8,40,0),(2063,323,3,0,8,6,0),(2064,324,3,0,7,6,0),(2065,324,4,24,8,12,16),(2066,324,4,16,7,12,14),(2067,324,2,0,4,20,0),(2068,324,4,15,8,12,16),(2069,324,4,15,7,12,14),(2070,324,1,0,7,20,0),(2071,324,4,26,7,12,14),(2072,324,4,54,8,12,16),(2073,324,2,0,8,40,0),(2074,324,3,0,8,6,0),(2075,325,3,0,7,6,0),(2076,325,4,182,8,12,16),(2077,325,4,164,7,12,14),(2078,325,2,0,4,20,0),(2079,325,4,142,8,12,16),(2080,325,4,162,7,12,14),(2081,325,1,1,7,20,1),(2082,325,4,117,7,12,14),(2083,325,4,113,8,12,16),(2084,325,2,1,8,40,1),(2085,325,3,21,8,6,16),(2086,326,3,0,7,6,0),(2087,326,4,35,8,12,16),(2088,326,4,18,7,12,14),(2089,326,2,0,4,20,0),(2090,326,4,37,8,12,16),(2091,326,4,80,7,12,14),(2092,326,1,11,7,20,8),(2093,326,4,0,7,12,0),(2094,326,4,0,8,12,0),(2095,326,2,0,8,40,0),(2096,326,3,0,8,6,0),(2097,327,3,0,7,6,0),(2098,327,4,9,8,12,12),(2099,327,4,0,7,12,0),(2100,327,2,0,4,20,0),(2101,327,4,31,8,12,16),(2102,327,4,98,7,12,14),(2103,327,1,0,7,20,0),(2104,327,4,17,7,12,14),(2105,327,4,320,8,12,16),(2106,327,2,0,8,40,0),(2107,327,3,0,8,6,0),(2108,329,1,13,5,10,10),(2109,330,3,102,7,6,14),(2110,330,4,11,8,12,15),(2111,330,4,0,7,12,0),(2112,330,2,31,4,20,8),(2113,330,4,7,8,12,10),(2114,330,4,0,7,12,0),(2115,330,1,0,7,20,0),(2116,330,4,0,7,12,0),(2117,330,4,0,8,12,0),(2118,330,2,71,8,40,16),(2119,330,3,163,8,6,16),(2120,331,3,0,7,6,0),(2121,331,4,69,8,12,16),(2122,331,4,107,7,12,14),(2123,331,2,0,4,20,0),(2124,331,4,2,8,12,3),(2125,331,4,48,7,12,14),(2126,331,1,0,7,20,0),(2127,331,4,34,7,12,14),(2128,331,4,27,8,12,16),(2129,331,2,0,8,40,0),(2130,331,3,0,8,6,0),(2131,332,3,0,7,6,0),(2132,332,4,9,8,12,12),(2133,332,4,38,7,12,14),(2134,332,2,0,4,20,0),(2135,332,4,0,8,12,0),(2136,332,4,2,7,12,3),(2137,332,1,0,7,20,0),(2138,332,4,3,7,12,4),(2139,332,4,0,8,12,0),(2140,332,2,0,8,40,0),(2141,332,3,0,8,6,0),(2142,333,7,0,5,10,0),(2143,333,7,0,5,10,0),(2144,333,7,0,5,10,0),(2145,333,7,0,5,10,0),(2146,333,7,2,5,10,2),(2147,334,3,0,7,6,0),(2148,334,4,15,8,12,16),(2149,334,4,0,7,12,0),(2150,334,2,0,4,20,0),(2151,334,4,0,8,12,0),(2152,334,4,0,7,12,0),(2153,334,1,0,7,20,0),(2154,334,4,17,7,12,14),(2155,334,4,75,8,12,16),(2156,334,2,0,8,40,0),(2157,334,3,0,8,6,0),(2158,335,3,0,7,6,0),(2159,335,4,9,8,12,12),(2160,335,4,42,7,12,14),(2161,335,2,0,4,20,0),(2162,335,4,190,8,12,16),(2163,335,4,107,7,12,14),(2164,335,1,0,7,20,0),(2165,335,4,7,7,12,9),(2166,335,4,54,8,12,16),(2167,335,2,0,8,40,0),(2168,335,3,0,8,6,0),(2169,336,3,5,7,6,12),(2170,336,4,42,8,12,16),(2171,336,4,34,7,12,14),(2172,336,2,0,4,20,0),(2173,336,4,1,8,12,2),(2174,336,4,0,7,12,0),(2175,336,1,0,7,20,0),(2176,336,4,1,7,12,2),(2177,336,4,81,8,12,16),(2178,336,2,0,8,40,0),(2179,336,3,0,8,6,0),(2180,337,3,5,7,6,12),(2181,337,4,42,8,12,16),(2182,337,4,34,7,12,14),(2183,337,2,0,4,20,0),(2184,337,4,1,8,12,2),(2185,337,4,0,7,12,0),(2186,337,1,0,7,20,0),(2187,337,4,1,7,12,2),(2188,337,4,81,8,12,16),(2189,337,2,0,8,40,0),(2190,337,3,0,8,6,0),(2191,338,3,5,7,6,12),(2192,338,4,42,8,12,16),(2193,338,4,34,7,12,14),(2194,338,2,0,4,20,0),(2195,338,4,1,8,12,2),(2196,338,4,0,7,12,0),(2197,338,1,0,7,20,0),(2198,338,4,1,7,12,2),(2199,338,4,81,8,12,16),(2200,338,2,0,8,40,0),(2201,338,3,0,8,6,0),(2202,339,3,5,7,6,12),(2203,339,4,42,8,12,16),(2204,339,4,34,7,12,14),(2205,339,2,0,4,20,0),(2206,339,4,1,8,12,2),(2207,339,4,0,7,12,0),(2208,339,1,0,7,20,0),(2209,339,4,1,7,12,2),(2210,339,4,81,8,12,16),(2211,339,2,0,8,40,0),(2212,339,3,0,8,6,0),(2213,340,3,5,7,6,12),(2214,340,4,42,8,12,16),(2215,340,4,34,7,12,14),(2216,340,2,0,4,20,0),(2217,340,4,1,8,12,2),(2218,340,4,0,7,12,0),(2219,340,1,0,7,20,0),(2220,340,4,1,7,12,2),(2221,340,4,81,8,12,16),(2222,340,2,0,8,40,0),(2223,340,3,0,8,6,0),(2224,341,3,5,7,6,12),(2225,341,4,42,8,12,16),(2226,341,4,34,7,12,14),(2227,341,2,0,4,20,0),(2228,341,4,1,8,12,2),(2229,341,4,0,7,12,0),(2230,341,1,0,7,20,0),(2231,341,4,1,7,12,2),(2232,341,4,81,8,12,16),(2233,341,2,0,8,40,0),(2234,341,3,0,8,6,0),(2235,342,3,5,7,6,12),(2236,342,4,42,8,12,16),(2237,342,4,34,7,12,14),(2238,342,2,0,4,20,0),(2239,342,4,1,8,12,2),(2240,342,4,0,7,12,0),(2241,342,1,0,7,20,0),(2242,342,4,1,7,12,2),(2243,342,4,81,8,12,16),(2244,342,2,0,8,40,0),(2245,342,3,0,8,6,0),(2246,343,3,5,7,6,12),(2247,343,4,42,8,12,16),(2248,343,4,34,7,12,14),(2249,343,2,0,4,20,0),(2250,343,4,1,8,12,2),(2251,343,4,0,7,12,0),(2252,343,1,0,7,20,0),(2253,343,4,1,7,12,2),(2254,343,4,81,8,12,16),(2255,343,2,0,8,40,0),(2256,343,3,0,8,6,0),(2257,344,3,5,7,6,12),(2258,344,4,42,8,12,16),(2259,344,4,34,7,12,14),(2260,344,2,0,4,20,0),(2261,344,4,1,8,12,2),(2262,344,4,0,7,12,0),(2263,344,1,0,7,20,0),(2264,344,4,1,7,12,2),(2265,344,4,81,8,12,16),(2266,344,2,0,8,40,0),(2267,344,3,0,8,6,0),(2268,345,3,5,7,6,12),(2269,345,4,42,8,12,16),(2270,345,4,34,7,12,14),(2271,345,2,0,4,20,0),(2272,345,4,1,8,12,2),(2273,345,4,0,7,12,0),(2274,345,1,0,7,20,0),(2275,345,4,1,7,12,2),(2276,345,4,81,8,12,16),(2277,345,2,0,8,40,0),(2278,345,3,0,8,6,0),(2279,346,3,5,7,6,12),(2280,346,4,42,8,12,16),(2281,346,4,34,7,12,14),(2282,346,2,0,4,20,0),(2283,346,4,1,8,12,2),(2284,346,4,0,7,12,0),(2285,346,1,0,7,20,0),(2286,346,4,1,7,12,2),(2287,346,4,81,8,12,16),(2288,346,2,0,8,40,0),(2289,346,3,0,8,6,0),(2290,347,3,5,7,6,12),(2291,347,4,42,8,12,16),(2292,347,4,34,7,12,14),(2293,347,2,0,4,20,0),(2294,347,4,1,8,12,2),(2295,347,4,0,7,12,0),(2296,347,1,0,7,20,0),(2297,347,4,1,7,12,2),(2298,347,4,81,8,12,16),(2299,347,2,0,8,40,0),(2300,347,3,0,8,6,0),(2301,348,3,5,7,6,12),(2302,348,4,42,8,12,16),(2303,348,4,34,7,12,14),(2304,348,2,0,4,20,0),(2305,348,4,1,8,12,2),(2306,348,4,0,7,12,0),(2307,348,1,0,7,20,0),(2308,348,4,1,7,12,2),(2309,348,4,81,8,12,16),(2310,348,2,0,8,40,0),(2311,348,3,0,8,6,0),(2312,349,3,5,7,6,12),(2313,349,4,42,8,12,16),(2314,349,4,34,7,12,14),(2315,349,2,0,4,20,0),(2316,349,4,1,8,12,2),(2317,349,4,0,7,12,0),(2318,349,1,0,7,20,0),(2319,349,4,1,7,12,2),(2320,349,4,81,8,12,16),(2321,349,2,0,8,40,0),(2322,349,3,0,8,6,0),(2323,350,3,0,7,6,0),(2324,350,4,0,8,12,0),(2325,350,4,0,7,12,0),(2326,350,2,0,4,20,0),(2327,350,4,0,8,12,0),(2328,350,4,0,7,12,0),(2329,350,1,0,7,20,0),(2330,350,4,0,7,12,0),(2331,350,4,0,8,12,0),(2332,350,2,0,8,40,0),(2333,350,3,0,8,6,0),(2334,351,3,0,7,6,0),(2335,351,4,0,8,12,0),(2336,351,4,0,7,12,0),(2337,351,2,0,4,20,0),(2338,351,4,0,8,12,0),(2339,351,4,0,7,12,0),(2340,351,1,0,7,20,0),(2341,351,4,0,7,12,0),(2342,351,4,0,8,12,0),(2343,351,2,0,8,40,0),(2344,351,3,0,8,6,0),(2345,352,3,0,7,6,0),(2346,352,4,3,8,12,4),(2347,352,4,0,7,12,0),(2348,352,2,0,4,20,0),(2349,352,4,0,8,12,0),(2350,352,4,0,7,12,0),(2351,352,1,0,7,20,0),(2352,352,4,0,7,12,0),(2353,352,4,0,8,12,0),(2354,352,2,0,8,40,0),(2355,352,3,0,8,6,0),(2356,353,3,0,7,6,0),(2357,353,4,25,8,12,16),(2358,353,4,111,7,12,14),(2359,353,2,0,4,20,0),(2360,353,4,2842,8,12,16),(2361,353,4,0,7,12,0),(2362,353,1,0,7,20,0),(2363,353,4,0,7,12,0),(2364,353,4,39,8,12,16),(2365,353,2,0,8,40,0),(2366,353,3,0,8,6,0),(2367,354,3,0,7,6,0),(2368,354,4,25,8,12,16),(2369,354,4,111,7,12,14),(2370,354,2,0,4,20,0),(2371,354,4,2842,8,12,16),(2372,354,4,0,7,12,0),(2373,354,1,0,7,20,0),(2374,354,4,0,7,12,0),(2375,354,4,39,8,12,16),(2376,354,2,0,8,40,0),(2377,354,3,0,8,6,0),(2378,355,3,0,7,6,0),(2379,355,4,25,8,12,16),(2380,355,4,111,7,12,14),(2381,355,2,0,4,20,0),(2382,355,4,2842,8,12,16),(2383,355,4,0,7,12,0),(2384,355,1,0,7,20,0),(2385,355,4,0,7,12,0),(2386,355,4,39,8,12,16),(2387,355,2,0,8,40,0),(2388,355,3,0,8,6,0),(2389,356,3,0,7,6,0),(2390,356,4,25,8,12,16),(2391,356,4,111,7,12,14),(2392,356,2,0,4,20,0),(2393,356,4,2842,8,12,16),(2394,356,4,0,7,12,0),(2395,356,1,0,7,20,0),(2396,356,4,0,7,12,0),(2397,356,4,39,8,12,16),(2398,356,2,0,8,40,0),(2399,356,3,0,8,6,0),(2400,357,3,0,7,6,0),(2401,357,4,1,8,12,2),(2402,357,4,0,7,12,0),(2403,357,2,0,4,20,0),(2404,357,4,0,8,12,0),(2405,357,4,0,7,12,0),(2406,357,1,0,7,20,0),(2407,357,4,0,7,12,0),(2408,357,4,0,8,12,0),(2409,357,2,0,8,40,0),(2410,357,3,0,8,6,0),(2411,358,3,0,7,6,0),(2412,358,4,93,8,12,16),(2413,358,4,127,7,12,14),(2414,358,2,1,4,20,1),(2415,358,4,49,8,12,16),(2416,358,4,5,7,12,6),(2417,358,1,0,7,20,0),(2418,358,4,0,7,12,0),(2419,358,4,29,8,12,16),(2420,358,2,0,8,40,0),(2421,358,3,0,8,6,0),(2422,359,3,0,7,6,0),(2423,359,4,0,8,12,0),(2424,359,4,0,7,12,0),(2425,359,2,0,4,20,0),(2426,359,4,0,8,12,0),(2427,359,4,0,7,12,0),(2428,359,1,0,7,20,0),(2429,359,4,0,7,12,0),(2430,359,4,0,8,12,0),(2431,359,2,0,8,40,0),(2432,359,3,0,8,6,0),(2433,360,3,0,7,6,0),(2434,360,4,162,8,12,16),(2435,360,4,99,7,12,14),(2436,360,2,0,4,20,0),(2437,360,4,80,8,12,16),(2438,360,4,221,7,12,14),(2439,360,1,1,7,20,1),(2440,360,4,102,7,12,14),(2441,360,4,172,8,12,16),(2442,360,2,1,8,40,1),(2443,360,3,0,8,6,0),(2444,361,8,2,5,10,2),(2445,361,8,0,5,10,0),(2446,361,8,0,5,10,0),(2447,361,8,0,5,10,0),(2448,361,8,0,5,10,0),(2449,362,9,0,5,10,0),(2450,362,9,0,5,10,0),(2451,362,9,0,5,10,0),(2452,362,9,0,5,10,0),(2453,362,9,0,5,10,0),(2454,363,7,0,5,10,0),(2455,363,7,0,5,10,0),(2456,363,7,0,5,10,0),(2457,363,7,0,5,10,0),(2458,363,7,0,5,10,0),(2459,364,4,4,8,12,6),(2460,364,2,0,8,30,0),(2461,364,3,0,7,10,0),(2462,364,2,0,10,30,0),(2463,364,4,66,9,12,18),(2464,364,2,0,8,30,0),(2465,364,3,0,7,10,0),(2466,364,1,0,9,20,0),(2467,365,6,223,5,10,10),(2468,365,6,222,5,10,10),(2469,365,6,193,5,10,10),(2470,365,6,244,5,10,10),(2471,365,6,207,5,10,10),(2472,366,5,0,5,10,0),(2473,366,5,0,5,10,0),(2474,366,5,0,5,10,0),(2475,366,5,0,5,10,0),(2476,366,5,0,5,10,0),(2477,367,3,0,7,6,0),(2478,367,4,37,8,12,16),(2479,367,4,114,7,12,14),(2480,367,2,0,4,20,0),(2481,367,4,193,8,12,16),(2482,367,4,191,7,12,14),(2483,367,1,1,7,20,1),(2484,367,4,85,7,12,14),(2485,367,4,133,8,12,16),(2486,367,2,1,8,40,1),(2487,367,3,0,8,6,0),(2488,368,4,1,8,12,2),(2489,368,2,0,8,30,0),(2490,368,3,0,7,10,0),(2491,368,2,0,10,30,0),(2492,368,4,10,9,12,15),(2493,368,2,1,8,30,1),(2494,368,3,0,7,10,0),(2495,368,1,0,9,20,0),(2496,369,8,0,5,10,0),(2497,369,8,0,5,10,0),(2498,369,8,0,5,10,0),(2499,369,8,0,5,10,0),(2500,369,8,0,5,10,0),(2501,370,5,0,5,10,0),(2502,370,5,0,5,10,0),(2503,370,5,0,5,10,0),(2504,370,5,0,5,10,0),(2505,370,5,0,5,10,0),(2506,371,8,0,5,10,0),(2507,371,8,0,5,10,0),(2508,371,8,0,5,10,0),(2509,371,8,0,5,10,0),(2510,371,8,0,5,10,0),(2511,372,3,0,7,6,0),(2512,372,4,0,8,12,0),(2513,372,4,0,7,12,0),(2514,372,2,0,4,20,0),(2515,372,4,0,8,12,0),(2516,372,4,0,7,12,0),(2517,372,1,0,7,20,0),(2518,372,4,61,7,12,14),(2519,372,4,186,8,12,16),(2520,372,2,0,8,40,0),(2521,372,3,0,8,6,0),(2522,373,3,0,7,6,0),(2523,373,4,3,8,12,4),(2524,373,4,1,7,12,2),(2525,373,2,13,4,20,6),(2526,373,4,4,8,12,6),(2527,373,4,0,7,12,0),(2528,373,1,0,7,20,0),(2529,373,4,3,7,12,4),(2530,373,4,2,8,12,3),(2531,373,2,26,8,40,11),(2532,373,3,3,8,6,8),(2533,374,3,0,7,6,0),(2534,374,4,13,8,12,16),(2535,374,4,0,7,12,0),(2536,374,2,0,4,20,0),(2537,374,4,0,8,12,0),(2538,374,4,58,7,12,14),(2539,374,1,10,7,20,7),(2540,374,4,58,7,12,14),(2541,374,4,96,8,12,16),(2542,374,2,1,8,40,1),(2543,374,3,33,8,6,16),(2544,375,3,0,7,6,0),(2545,375,4,20,8,12,16),(2546,375,4,15,7,12,14),(2547,375,2,32,4,20,8),(2548,375,4,9,8,12,12),(2549,375,4,25,7,12,14),(2550,375,1,3,7,20,3),(2551,375,4,15,7,12,14),(2552,375,4,20,8,12,16),(2553,375,2,63,8,40,16),(2554,375,3,10,8,6,16),(2555,376,5,0,5,10,0),(2556,376,5,0,5,10,0),(2557,376,5,0,5,10,0),(2558,376,5,0,5,10,0),(2559,376,5,0,5,10,0),(2560,377,5,0,5,10,0),(2561,377,5,0,5,10,0),(2562,377,5,0,5,10,0),(2563,377,5,0,5,10,0),(2564,377,5,0,5,10,0),(2565,378,5,0,5,10,0),(2566,378,5,0,5,10,0),(2567,378,5,0,5,10,0),(2568,378,5,0,5,10,0),(2569,378,5,0,5,10,0),(2570,379,5,0,5,10,0),(2571,379,5,0,5,10,0),(2572,379,5,0,5,10,0),(2573,379,5,0,5,10,0),(2574,379,5,0,5,10,0),(2575,380,5,0,5,10,0),(2576,380,5,0,5,10,0),(2577,380,5,0,5,10,0),(2578,380,5,0,5,10,0),(2579,380,5,0,5,10,0),(2580,381,3,0,8,6,0),(2581,381,4,70,8,12,16),(2582,381,4,4,7,12,5),(2583,381,2,0,4,20,0),(2584,381,4,0,8,12,0),(2585,381,4,31,7,12,14),(2586,381,1,1,7,20,1),(2587,381,4,0,7,12,0),(2588,381,4,0,8,12,0),(2589,381,2,0,8,40,0),(2590,381,3,0,8,6,0),(2591,382,3,5,8,6,14),(2592,382,4,34,8,12,16),(2593,382,4,37,7,12,14),(2594,382,2,0,4,20,0),(2595,382,4,50,8,12,16),(2596,382,4,82,7,12,14),(2597,382,1,1,7,20,1),(2598,382,4,1,7,12,2),(2599,382,4,0,8,12,0),(2600,382,2,0,8,40,0),(2601,382,3,25,8,6,16),(2602,383,3,22,8,6,16),(2603,383,4,1,8,12,2),(2604,383,4,3,7,12,4),(2605,383,2,0,4,20,0),(2606,383,4,1,8,12,2),(2607,383,4,0,7,12,0),(2608,383,1,0,7,20,0),(2609,383,4,30,7,12,14),(2610,383,4,31,8,12,16),(2611,383,2,0,8,40,0),(2612,383,3,0,8,6,0),(2613,384,3,0,8,6,0),(2614,384,4,0,8,12,0),(2615,384,4,18,7,12,14),(2616,384,2,0,4,20,0),(2617,384,4,4,8,12,6),(2618,384,4,5,7,12,6),(2619,384,1,0,7,20,0),(2620,384,4,128,7,12,14),(2621,384,4,243,8,12,16),(2622,384,2,0,8,40,0),(2623,384,3,0,8,6,0),(2624,385,3,0,8,6,0),(2625,385,4,0,8,12,0),(2626,385,4,0,7,12,0),(2627,385,2,37,4,20,8),(2628,385,4,3,8,12,4),(2629,385,4,0,7,12,0),(2630,385,1,0,7,20,0),(2631,385,4,0,7,12,0),(2632,385,4,0,8,12,0),(2633,385,2,79,8,40,16),(2634,385,3,4,8,6,11),(2635,386,3,0,8,6,0),(2636,386,4,0,8,12,0),(2637,386,4,0,7,12,0),(2638,386,2,37,4,20,8),(2639,386,4,3,8,12,4),(2640,386,4,0,7,12,0),(2641,386,1,0,7,20,0),(2642,386,4,0,7,12,0),(2643,386,4,0,8,12,0),(2644,386,2,79,8,40,16),(2645,386,3,4,8,6,11),(2646,387,3,0,8,6,0),(2647,387,4,0,8,12,0),(2648,387,4,0,7,12,0),(2649,387,2,37,4,20,8),(2650,387,4,3,8,12,4),(2651,387,4,0,7,12,0),(2652,387,1,0,7,20,0),(2653,387,4,0,7,12,0),(2654,387,4,0,8,12,0),(2655,387,2,79,8,40,16),(2656,387,3,4,8,6,11),(2657,388,3,29,8,6,16),(2658,388,4,70,8,12,16),(2659,388,4,20,7,12,14),(2660,388,2,0,4,20,0),(2661,388,4,139,8,12,16),(2662,388,4,124,7,12,14),(2663,388,1,0,7,20,0),(2664,388,4,71,7,12,14),(2665,388,4,139,8,12,16),(2666,388,2,0,8,40,0),(2667,388,3,7,8,6,16),(2668,389,3,10,8,6,16),(2669,389,4,104,8,12,16),(2670,389,4,60,7,12,14),(2671,389,2,0,4,20,0),(2672,389,4,14,8,12,16),(2673,389,4,15,7,12,14),(2674,389,1,0,7,20,0),(2675,389,4,39,7,12,14),(2676,389,4,115,8,12,16),(2677,389,2,1,8,40,1),(2678,389,3,0,8,6,0),(2679,390,3,0,8,6,0),(2680,390,4,0,8,12,0),(2681,390,4,0,7,12,0),(2682,390,2,30,4,20,8),(2683,390,4,4,8,12,6),(2684,390,4,0,7,12,0),(2685,390,1,0,7,20,0),(2686,390,4,0,7,12,0),(2687,390,4,0,8,12,0),(2688,390,2,50,8,40,16),(2689,390,3,0,8,6,0),(2690,391,3,0,8,6,0),(2691,391,4,7,8,12,10),(2692,391,4,8,7,12,10),(2693,391,2,0,4,20,0),(2694,391,4,0,8,12,0),(2695,391,4,1,7,12,2),(2696,391,1,0,7,20,0),(2697,391,4,0,7,12,0),(2698,391,4,0,8,12,0),(2699,391,2,0,8,40,0),(2700,391,3,0,8,6,0),(2701,392,3,13,8,6,16),(2702,392,4,1,8,12,2),(2703,392,4,29,7,12,14),(2704,392,2,0,4,20,0),(2705,392,4,0,8,12,0),(2706,392,4,0,7,12,0),(2707,392,1,0,7,20,0),(2708,392,4,4,7,12,5),(2709,392,4,1,8,12,2),(2710,392,2,0,8,40,0),(2711,392,3,19,8,6,16),(2712,393,3,0,8,6,0),(2713,393,4,104,8,12,16),(2714,393,4,79,7,12,14),(2715,393,2,1,4,20,1),(2716,393,4,0,8,12,0),(2717,393,4,21,7,12,14),(2718,393,1,0,7,20,0),(2719,393,4,1,7,12,2),(2720,393,4,0,8,12,0),(2721,393,2,74,8,40,16),(2722,393,3,3,8,6,8),(2723,394,3,0,8,6,0),(2724,394,4,104,8,12,16),(2725,394,4,79,7,12,14),(2726,394,2,1,4,20,1),(2727,394,4,0,8,12,0),(2728,394,4,21,7,12,14),(2729,394,1,0,7,20,0),(2730,394,4,1,7,12,2),(2731,394,4,0,8,12,0),(2732,394,2,74,8,40,16),(2733,394,3,3,8,6,8),(2734,395,3,0,8,6,0),(2735,395,4,4,8,12,6),(2736,395,4,73,7,12,14),(2737,395,2,0,4,20,0),(2738,395,4,0,8,12,0),(2739,395,4,1,7,12,2),(2740,395,1,0,7,20,0),(2741,395,4,0,7,12,0),(2742,395,4,0,8,12,0),(2743,395,2,0,8,40,0),(2744,395,3,0,8,6,0),(2745,396,3,0,8,6,0),(2746,396,4,58,8,12,16),(2747,396,4,180,7,12,14),(2748,396,2,1,4,20,1),(2749,396,4,111,8,12,16),(2750,396,4,64,7,12,14),(2751,396,1,3,7,20,3),(2752,396,4,0,7,12,0),(2753,396,4,17,8,12,16),(2754,396,2,0,8,40,0),(2755,396,3,0,8,6,0),(2756,397,3,3,8,6,8),(2757,397,4,92,8,12,16),(2758,397,4,99,7,12,14),(2759,397,2,1,4,20,1),(2760,397,4,158,8,12,16),(2761,397,4,39,7,12,14),(2762,397,1,12,7,20,9),(2763,397,4,27,7,12,14),(2764,397,4,5,8,12,7),(2765,397,2,0,8,40,0),(2766,397,3,0,8,6,0),(2767,398,9,0,5,10,0),(2768,398,9,0,5,10,0),(2769,398,9,0,5,10,0),(2770,398,9,0,5,10,0),(2771,398,9,0,5,10,0),(2772,399,3,0,8,6,0),(2773,399,4,28,8,12,16),(2774,399,4,51,7,12,14),(2775,399,2,0,4,20,0),(2776,399,4,36,8,12,16),(2777,399,4,41,7,12,14),(2778,399,1,0,7,20,0),(2779,399,4,0,7,12,0),(2780,399,4,1,8,12,2),(2781,399,2,0,8,40,0),(2782,399,3,0,8,6,0),(2783,400,4,0,8,12,0),(2784,400,2,0,8,30,0),(2785,400,3,0,7,10,0),(2786,400,2,0,10,30,0),(2787,400,4,13,9,12,18),(2788,400,2,0,8,30,0),(2789,400,3,0,7,10,0),(2790,400,1,12,9,20,11),(2791,401,3,0,8,6,0),(2792,401,4,0,8,12,0),(2793,401,4,0,7,12,0),(2794,401,2,0,4,20,0),(2795,401,4,0,8,12,0),(2796,401,4,0,7,12,0),(2797,401,1,0,7,20,0),(2798,401,4,0,7,12,0),(2799,401,4,0,8,12,0),(2800,401,2,0,8,40,0),(2801,401,3,0,8,6,0),(2802,402,3,27,8,6,16),(2803,402,4,4,8,12,6),(2804,402,4,3,7,12,4),(2805,402,2,0,4,20,0),(2806,402,4,9,8,12,12),(2807,402,4,24,7,12,14),(2808,402,1,0,7,20,0),(2809,402,4,18,7,12,14),(2810,402,4,10,8,12,14),(2811,402,2,0,8,40,0),(2812,402,3,39,8,6,16),(2813,403,3,0,8,6,0),(2814,403,4,149,8,12,16),(2815,403,4,0,7,12,0),(2816,403,2,0,4,20,0),(2817,403,4,3,8,12,4),(2818,403,4,0,7,12,0),(2819,403,1,0,7,20,0),(2820,403,4,0,7,12,0),(2821,403,4,0,8,12,0),(2822,403,2,0,8,40,0),(2823,403,3,6,8,6,16),(2824,404,3,0,8,6,0),(2825,404,4,99,8,12,16),(2826,404,4,38,7,12,14),(2827,404,2,0,4,20,0),(2828,404,4,58,8,12,16),(2829,404,4,58,7,12,14),(2830,404,1,0,7,20,0),(2831,404,4,101,7,12,14),(2832,404,4,66,8,12,16),(2833,404,2,0,8,40,0),(2834,404,3,0,8,6,0),(2835,405,5,41,5,10,10),(2836,405,5,47,5,10,10),(2837,405,5,48,5,10,10),(2838,405,5,47,5,10,10),(2839,405,5,48,5,10,10),(2840,406,3,155,8,6,16),(2841,406,4,0,8,12,0),(2842,406,4,0,7,12,0),(2843,406,2,0,4,20,0),(2844,406,4,0,8,12,0),(2845,406,4,0,7,12,0),(2846,406,1,0,7,20,0),(2847,406,4,0,7,12,0),(2848,406,4,0,8,12,0),(2849,406,2,0,8,40,0),(2850,406,3,55,8,6,16),(2851,407,3,0,8,6,0),(2852,407,4,2,8,12,3),(2853,407,4,0,7,12,0),(2854,407,2,0,4,20,0),(2855,407,4,0,8,12,0),(2856,407,4,0,7,12,0),(2857,407,1,0,7,20,0),(2858,407,4,19,7,12,14),(2859,407,4,23,8,12,16),(2860,407,2,0,8,40,0),(2861,407,3,27,8,6,16),(2862,408,4,0,8,12,0),(2863,408,2,0,8,30,0),(2864,408,3,0,7,10,0),(2865,408,2,0,10,30,0),(2866,408,4,0,9,12,0),(2867,408,2,0,8,30,0),(2868,408,3,0,7,10,0),(2869,408,1,0,9,20,0),(2870,409,3,0,8,6,0),(2871,409,4,0,8,12,0),(2872,409,4,0,7,12,0),(2873,409,2,0,4,20,0),(2874,409,4,0,8,12,0),(2875,409,4,0,7,12,0),(2876,409,1,0,7,20,0),(2877,409,4,0,7,12,0),(2878,409,4,0,8,12,0),(2879,409,2,0,8,40,0),(2880,409,3,0,8,6,0),(2881,410,3,0,8,6,0),(2882,410,4,0,8,12,0),(2883,410,4,0,7,12,0),(2884,410,2,0,4,20,0),(2885,410,4,0,8,12,0),(2886,410,4,0,7,12,0),(2887,410,1,0,7,20,0),(2888,410,4,0,7,12,0),(2889,410,4,0,8,12,0),(2890,410,2,0,8,40,0),(2891,410,3,0,8,6,0),(2892,411,3,0,8,6,0),(2893,411,4,0,8,12,0),(2894,411,4,0,7,12,0),(2895,411,2,0,4,20,0),(2896,411,4,0,8,12,0),(2897,411,4,0,7,12,0),(2898,411,1,0,7,20,0),(2899,411,4,0,7,12,0),(2900,411,4,0,8,12,0),(2901,411,2,0,8,40,0),(2902,411,3,0,8,6,0),(2903,412,3,0,8,6,0),(2904,412,4,0,8,12,0),(2905,412,4,0,7,12,0),(2906,412,2,0,4,20,0),(2907,412,4,0,8,12,0),(2908,412,4,0,7,12,0),(2909,412,1,0,7,20,0),(2910,412,4,0,7,12,0),(2911,412,4,0,8,12,0),(2912,412,2,0,8,40,0),(2913,412,3,0,8,6,0),(2914,413,3,0,8,6,0),(2915,413,4,91,8,12,16),(2916,413,4,69,7,12,14),(2917,413,2,2,4,20,1),(2918,413,4,159,8,12,16),(2919,413,4,170,7,12,14),(2920,413,1,3,7,20,3),(2921,413,4,144,7,12,14),(2922,413,4,149,8,12,16),(2923,413,2,0,8,40,0),(2924,413,3,0,8,6,0),(2925,414,8,0,5,10,0),(2926,414,8,0,5,10,0),(2927,414,8,0,5,10,0),(2928,414,8,0,5,10,0),(2929,414,8,0,5,10,0),(2930,415,4,0,8,12,0),(2931,415,2,0,8,30,0),(2932,415,3,0,7,10,0),(2933,415,2,0,10,30,0),(2934,415,4,0,9,12,0),(2935,415,2,0,8,30,0),(2936,415,3,0,7,10,0),(2937,415,1,0,9,20,0),(2938,416,3,0,8,6,0),(2939,416,4,0,8,12,0),(2940,416,4,0,7,12,0),(2941,416,2,0,4,20,0),(2942,416,4,17,8,12,16),(2943,416,4,1,7,12,2),(2944,416,1,0,7,20,0),(2945,416,4,0,7,12,0),(2946,416,4,4,8,12,6),(2947,416,2,0,8,40,0),(2948,416,3,0,8,6,0),(2949,417,8,0,5,10,0),(2950,417,8,0,5,10,0),(2951,417,8,0,5,10,0),(2952,417,8,0,5,10,0),(2953,417,8,0,5,10,0),(2954,418,3,0,8,6,0),(2955,418,4,0,8,12,0),(2956,418,4,0,7,12,0),(2957,418,2,0,4,20,0),(2958,418,4,0,8,12,0),(2959,418,4,0,7,12,0),(2960,418,1,0,7,20,0),(2961,418,4,0,7,12,0),(2962,418,4,80,8,12,16),(2963,418,2,0,8,40,0),(2964,418,3,10,8,6,10),(2965,419,4,0,8,12,0),(2966,419,2,0,8,30,0),(2967,419,3,0,7,10,0),(2968,419,2,28,10,30,19),(2969,419,4,0,9,12,0),(2970,419,2,19,8,30,11),(2971,419,3,0,7,10,0),(2972,419,1,0,9,20,0),(2973,420,5,9,5,10,9),(2974,420,5,0,5,10,0),(2975,420,5,25,5,10,10),(2976,420,5,35,5,10,10),(2977,420,5,26,5,10,10),(2978,421,3,105,8,6,16),(2979,421,4,10,8,12,14),(2980,421,4,3,7,12,4),(2981,421,2,8,4,20,4),(2982,421,4,0,8,12,0),(2983,421,4,27,7,12,14),(2984,421,1,0,7,20,0),(2985,421,4,0,7,12,0),(2986,421,4,1,8,12,2),(2987,421,2,37,8,40,15),(2988,421,3,91,8,6,16),(2989,422,3,0,8,6,0),(2990,422,4,0,8,12,0),(2991,422,4,0,7,12,0),(2992,422,2,0,4,20,0),(2993,422,4,0,8,12,0),(2994,422,4,0,7,12,0),(2995,422,1,0,7,20,0),(2996,422,4,0,7,12,0),(2997,422,4,0,8,12,0),(2998,422,2,0,8,40,0),(2999,422,3,0,8,6,0);
/*!40000 ALTER TABLE `scoreRecord` ENABLE KEYS */;
UNLOCK TABLES;

--
-- Table structure for table `songList`
--

DROP TABLE IF EXISTS `songList`;
/*!40101 SET @saved_cs_client     = @@character_set_client */;
/*!50503 SET character_set_client = utf8mb4 */;
CREATE TABLE `songList` (
  `song_idx` int NOT NULL AUTO_INCREMENT,
  `play_mode` int NOT NULL,
  `motion_type_idx` int DEFAULT NULL,
  `title` varchar(100) NOT NULL,
  `explain` varchar(100) DEFAULT NULL,
  `thumbnail_url` varchar(200) NOT NULL,
  `video_url` varchar(200) NOT NULL,
  `preview_music_url` varchar(200) NOT NULL,
  `difficulty` int NOT NULL,
  `calorie_consumption` int NOT NULL,
  PRIMARY KEY (`song_idx`)
) ENGINE=InnoDB AUTO_INCREMENT=8 DEFAULT CHARSET=utf8mb4 COLLATE=utf8mb4_0900_ai_ci;
/*!40101 SET character_set_client = @saved_cs_client */;

--
-- Dumping data for table `songList`
--

LOCK TABLES `songList` WRITE;
/*!40000 ALTER TABLE `songList` DISABLE KEYS */;
INSERT INTO `songList` VALUES (1,0,NULL,'동물 따라 춤춰요','동물들을 따라 신나게 춤을 춰봐요!','https://d3qb4vbeyp8phu.cloudfront.net/%EB%8F%99%EB%AC%BC%EB%94%B0%EB%9D%BC%EC%B6%A4%EC%B6%B0%EC%9A%94_%EC%8D%B8%EB%84%A4%EC%9D%BC_%EC%B5%9C%EC%A2%85.jpg','https://d3qb4vbeyp8phu.cloudfront.net/%EB%8F%99%EB%AC%BC.MOV','https://d3qb4vbeyp8phu.cloudfront.net/%EB%8F%99%EB%AC%BC+%EB%94%B0%EB%9D%BC+%EC%B6%A4%EC%B6%B0%EC%9A%94_%EB%AF%B8%EB%A6%AC%EB%93%A3%EA%B8%B0.mp3',3,2500),(2,0,NULL,'응가뿡가','방구가 뿌웅 똥 나와라 응가 체조!','https://d3qb4vbeyp8phu.cloudfront.net/%EC%9D%91%EA%B0%80%EB%BF%A1%EA%B0%80_%EC%8D%B8%EB%84%A4%EC%9D%BC_%EC%B5%9C%EC%A2%85.jpg','https://d3qb4vbeyp8phu.cloudfront.net/%EC%9D%91%EA%B0%80.mov','https://d3qb4vbeyp8phu.cloudfront.net/%EC%9D%91%EA%B0%80%EB%BF%A1%EA%B0%80_%EB%AF%B8%EB%A6%AC%EB%93%A3%EA%B8%B0+(mp3cut.net).mp3',2,2500),(3,2,5,'나무자세','한쪽 다리를 들고 두 팔을 뻗어봐요~:몸이 흔들리지 않도록 얼음!','https://d3qb4vbeyp8phu.cloudfront.net/%EB%82%98%EB%AC%B4%EC%9E%90%EC%84%B8_%EC%8D%B8%EB%84%A4%EC%9D%BC_%EC%B5%9C%EC%A2%85.jpg','https://d3qb4vbeyp8phu.cloudfront.net/%EB%82%98%EB%AC%B4%EC%9E%90%EC%84%B8_%EC%B5%9C%EC%A2%85.mov','url',2,400),(4,3,6,'스케이트자세','팔과 다리를 번갈아 움직이며:슈욱~ 슈욱~ 스케이트를 타봐요!','https://d3qb4vbeyp8phu.cloudfront.net/%EC%8A%A4%EC%BC%80%EC%9D%B4%ED%8A%B8%EC%9E%90%EC%84%B8_%EC%8D%B8%EB%84%A4%EC%9D%BC_%EC%B5%9C%EC%A2%85.jpg','https://d3qb4vbeyp8phu.cloudfront.net/%EC%8A%A4%EC%BC%80%EC%9D%B4%ED%8A%B8%EC%9E%90%EC%84%B8_%EC%B5%9C%EC%A2%85.mov','url',2,500),(5,1,7,'기대서팔굽혀펴기','엄마 아빠는 무릎을 살짝 꿇고 옆을 보아요~:아이는 기대어 천천히 팔굽혀펴기를 해봐요!','https://d3qb4vbeyp8phu.cloudfront.net/%EA%B8%B0%EB%8C%80%EC%84%9C%ED%8C%94%EA%B5%BD%ED%98%80%ED%8E%B4%EA%B8%B0_%EC%8D%B8%EB%84%A4%EC%9D%BC_%EC%B5%9C%EC%A2%85.jpg','https://d3qb4vbeyp8phu.cloudfront.net/%EA%B8%B0%EB%8C%80%EC%84%9C%ED%8C%94%EA%B5%BD%ED%98%80%ED%8E%B4%EA%B8%B0_%EC%B5%9C%EC%A2%85.mov','url',3,500),(6,2,8,'기지개자세','양팔을 하늘로! 뒤꿈치도 들고!:숨을 크게 쉬며 기지개를 쭈욱 켜봐요!','https://d3qb4vbeyp8phu.cloudfront.net/%EA%B8%B0%EC%A7%80%EA%B0%9C%EC%9E%90%EC%84%B8_%EC%8D%B8%EB%84%A4%EC%9D%BC_%EC%B5%9C%EC%A2%85.jpg','https://d3qb4vbeyp8phu.cloudfront.net/%EA%B8%B0%EC%A7%80%EA%B0%9C%EC%9E%90%EC%84%B8_%EC%B5%9C%EC%A2%85.mov','url',1,500),(7,1,9,'날개자세','엄마 아빠가 양팔을 살살 눌러줘요!:아이는 날개짓을 하듯 천천히 움직여요!','https://d3qb4vbeyp8phu.cloudfront.net/%EB%82%A0%EA%B0%9C%EC%9E%90%EC%84%B8_%EC%8D%B8%EB%84%A4%EC%9D%BC_%EC%B5%9C%EC%A2%85.jpg','https://d3qb4vbeyp8phu.cloudfront.net/%EB%82%A0%EA%B0%9C%EC%9E%90%EC%84%B8_%EC%B5%9C%EC%A2%85.mov','url',1,500);
/*!40000 ALTER TABLE `songList` ENABLE KEYS */;
UNLOCK TABLES;

--
-- Table structure for table `songMotion`
--

DROP TABLE IF EXISTS `songMotion`;
/*!40101 SET @saved_cs_client     = @@character_set_client */;
/*!50503 SET character_set_client = utf8mb4 */;
CREATE TABLE `songMotion` (
  `song_motion_idx` int NOT NULL AUTO_INCREMENT,
  `song_idx` int NOT NULL,
  `motion_type_idx` int NOT NULL,
  `start_time` int NOT NULL,
  `end_time` int NOT NULL,
  `accuracy` double NOT NULL,
  `count_delay` int NOT NULL,
  `count_standard` int NOT NULL,
  PRIMARY KEY (`song_motion_idx`)
) ENGINE=InnoDB AUTO_INCREMENT=50 DEFAULT CHARSET=utf8mb4 COLLATE=utf8mb4_0900_ai_ci;
/*!40101 SET character_set_client = @saved_cs_client */;

--
-- Dumping data for table `songMotion`
--

LOCK TABLES `songMotion` WRITE;
/*!40000 ALTER TABLE `songMotion` DISABLE KEYS */;
INSERT INTO `songMotion` VALUES (1,1,3,7,15,0.1,8,6),(2,1,4,15,23,0.1,8,12),(3,1,4,23,30,0.1,8,12),(4,1,2,30,34,0.99,100,20),(5,1,4,34,42,0.1,8,12),(6,1,4,42,49,0.1,8,12),(7,1,1,49,56,0.99,50,20),(8,1,4,56,63,0.1,8,12),(9,1,4,63,71,0.1,8,12),(10,1,2,71,79,0.99,100,40),(11,1,3,79,87,0.1,8,6),(12,3,5,0,5,0.95,100,10),(13,3,5,5,10,0.95,100,10),(14,3,5,10,15,0.95,100,10),(15,3,5,15,20,0.95,100,10),(16,3,5,20,25,0.95,100,10),(17,6,8,0,5,0.95,100,10),(18,6,8,5,10,0.95,100,10),(19,6,8,10,15,0.95,100,10),(20,6,8,15,20,0.95,100,10),(21,6,8,20,25,0.95,100,10),(22,5,7,0,5,0.8,100,10),(23,5,7,5,10,0.8,100,10),(24,5,7,10,15,0.8,100,10),(25,5,7,15,20,0.8,100,10),(26,5,7,20,25,0.8,100,10),(27,7,9,0,5,0.99,100,10),(28,7,9,5,10,0.99,100,10),(29,7,9,10,15,0.99,100,10),(30,7,9,15,20,0.99,100,10),(31,7,9,20,25,0.99,100,10),(32,4,6,0,5,0.9,100,10),(33,4,6,5,10,0.9,100,10),(34,4,6,10,15,0.9,100,10),(35,4,6,15,20,0.9,100,10),(36,4,6,20,25,0.9,100,10),(42,2,4,12,20,0.1,8,12),(43,2,2,20,28,0.99,100,30),(44,2,3,28,35,0.1,8,10),(45,2,2,35,45,0.99,100,30),(46,2,4,45,54,0.1,8,12),(47,2,2,54,62,0.99,100,30),(48,2,3,62,69,0.1,8,10),(49,2,1,69,78,0.99,50,20);
/*!40000 ALTER TABLE `songMotion` ENABLE KEYS */;
UNLOCK TABLES;

--
-- Table structure for table `statisticRecord`
--

DROP TABLE IF EXISTS `statisticRecord`;
/*!40101 SET @saved_cs_client     = @@character_set_client */;
/*!50503 SET character_set_client = utf8mb4 */;
CREATE TABLE `statisticRecord` (
  `idx` int NOT NULL AUTO_INCREMENT,
  `child_idx` int DEFAULT NULL,
  `parent_idx` int DEFAULT NULL,
  `arm` int DEFAULT NULL,
  `leg` int DEFAULT NULL,
  `flexibility` int DEFAULT NULL,
  `body` int DEFAULT NULL,
  `aerobic` int DEFAULT NULL,
  `height` int DEFAULT NULL,
  `balance` int DEFAULT NULL,
  `play_time` int DEFAULT NULL,
  PRIMARY KEY (`idx`)
) ENGINE=InnoDB AUTO_INCREMENT=281 DEFAULT CHARSET=utf8mb4 COLLATE=utf8mb4_0900_ai_ci;
/*!40101 SET character_set_client = @saved_cs_client */;

--
-- Dumping data for table `statisticRecord`
--

LOCK TABLES `statisticRecord` WRITE;
/*!40000 ALTER TABLE `statisticRecord` DISABLE KEYS */;
INSERT INTO `statisticRecord` VALUES (1,96,16,4,2,7,6,8,0,0,80),(2,96,16,4,2,7,6,8,0,0,80),(3,94,16,4,2,7,6,8,0,0,80),(4,94,16,5,3,3,2,5,0,0,80),(5,94,16,5,3,3,2,5,0,0,80),(6,97,16,5,3,3,2,5,0,0,80),(9,97,16,5,0,0,5,0,0,5,80),(10,94,16,0,0,5,0,0,5,0,80),(11,82,18,0,5,0,5,0,0,5,80),(12,82,18,0,5,0,5,0,0,5,80),(13,82,18,0,5,0,5,0,0,5,80),(14,82,18,0,5,0,5,0,0,5,80),(15,82,18,0,5,0,5,0,0,5,80),(16,82,18,0,5,0,5,0,0,5,80),(17,60,10,0,5,0,5,0,0,5,80),(18,60,10,0,5,0,5,0,0,5,80),(19,60,10,0,5,0,5,0,0,5,80),(20,46,8,5,0,0,0,0,0,0,80),(21,60,10,0,5,0,5,0,0,5,80),(22,46,8,0,5,0,5,0,0,5,80),(23,60,10,4,2,7,6,8,0,0,80),(24,60,10,4,2,7,6,8,0,0,80),(25,60,10,4,2,7,6,8,0,0,80),(26,60,10,4,2,7,6,8,0,0,80),(27,60,10,4,2,7,6,8,0,0,80),(28,60,10,4,2,7,6,8,0,0,80),(29,60,10,4,2,7,6,8,0,0,80),(30,60,10,4,2,7,6,8,0,0,80),(31,60,10,4,2,7,6,8,0,0,80),(32,60,10,4,2,7,6,8,0,0,80),(33,60,10,4,2,7,6,8,0,0,80),(34,60,10,4,2,7,6,8,0,0,80),(35,60,10,4,2,7,6,8,0,0,80),(36,60,10,4,2,7,6,8,0,0,80),(37,60,10,4,2,7,6,8,0,0,80),(38,60,10,4,2,7,6,8,0,0,80),(39,60,10,4,2,7,6,8,0,0,80),(40,60,10,4,2,7,6,8,0,0,80),(41,60,10,4,2,7,6,8,0,0,80),(42,60,10,4,2,7,6,8,0,0,80),(43,60,10,4,2,7,6,8,0,0,80),(44,60,10,4,2,7,6,8,0,0,80),(45,60,10,4,2,7,6,8,0,0,80),(46,60,10,4,2,7,6,8,0,0,80),(47,60,10,0,5,0,5,0,0,5,80),(48,60,10,0,5,0,5,0,0,5,80),(49,60,10,5,0,0,5,0,0,5,80),(50,60,10,5,0,0,5,0,0,5,80),(51,60,10,4,2,7,6,8,0,0,80),(52,60,10,4,2,7,6,8,0,0,80),(53,60,10,4,2,7,6,8,0,0,80),(54,60,10,4,2,7,6,8,0,0,80),(55,60,10,4,2,7,6,8,0,0,80),(56,60,10,4,2,7,6,8,0,0,80),(57,60,10,4,2,7,6,8,0,0,80),(58,60,10,0,5,0,5,0,0,5,80),(59,60,10,0,5,0,5,0,0,5,80),(60,60,10,4,2,7,6,8,0,0,80),(61,60,10,4,2,7,6,8,0,0,80),(62,60,10,4,2,7,6,8,0,0,80),(63,60,10,4,2,7,6,8,0,0,80),(64,60,10,4,2,7,6,8,0,0,80),(65,60,10,4,2,7,6,8,0,0,80),(66,81,17,4,2,7,6,8,0,0,80),(67,89,21,4,2,7,6,8,0,0,80),(68,81,17,4,2,7,6,8,0,0,80),(69,60,10,4,2,7,6,8,0,0,80),(70,60,10,4,2,7,6,8,0,0,80),(71,60,10,4,2,7,6,8,0,0,80),(72,60,10,4,2,7,6,8,0,0,80),(73,60,10,4,2,7,6,8,0,0,80),(74,60,10,4,2,7,6,8,0,0,80),(75,60,10,4,2,7,6,8,0,0,80),(76,60,10,4,2,7,6,8,0,0,80),(77,60,10,0,5,0,5,0,0,5,80),(78,60,10,0,5,0,0,5,0,0,80),(79,94,16,4,2,7,6,8,0,0,80),(80,94,16,4,2,7,6,8,0,0,80),(81,94,16,4,2,7,6,8,0,0,80),(82,94,16,4,2,7,6,8,0,0,80),(83,94,16,4,2,7,6,8,0,0,80),(84,94,16,4,2,7,6,8,0,0,80),(85,94,16,4,2,7,6,8,0,0,80),(86,94,16,4,2,7,6,8,0,0,80),(87,94,16,4,2,7,6,8,0,0,80),(88,94,16,4,2,7,6,8,0,0,80),(89,94,16,4,2,7,6,8,0,0,80),(90,94,16,4,2,7,6,8,0,0,80),(91,94,16,4,2,7,6,8,0,0,80),(92,94,16,4,2,7,6,8,0,0,80),(93,94,16,4,2,7,6,8,0,0,80),(94,94,16,4,2,7,6,8,0,0,80),(95,94,16,4,2,7,6,8,0,0,80),(96,94,16,4,2,7,6,8,0,0,80),(97,94,16,4,2,7,6,8,0,0,80),(98,94,16,4,2,7,6,8,0,0,80),(99,94,16,4,2,7,6,8,0,0,80),(100,59,8,4,2,7,6,8,0,0,80),(101,84,20,4,2,7,6,8,0,0,80),(102,85,19,4,2,7,6,8,0,0,80),(103,81,17,4,2,7,6,8,0,0,80),(104,94,16,4,2,7,6,8,0,0,80),(105,94,16,4,2,7,6,8,0,0,80),(106,94,16,4,2,7,6,8,0,0,80),(107,59,8,4,2,7,6,8,0,0,80),(108,94,16,4,2,7,6,8,0,0,80),(109,94,16,4,2,7,6,8,0,0,80),(110,94,16,4,2,7,6,8,0,0,80),(111,94,16,4,2,7,6,8,0,0,80),(112,94,16,4,2,7,6,8,0,0,80),(113,94,16,4,2,7,6,8,0,0,80),(114,94,16,4,2,7,6,8,0,0,80),(115,94,16,4,2,7,6,8,0,0,80),(116,94,16,4,2,7,6,8,0,0,80),(117,94,16,4,2,7,6,8,0,0,80),(118,94,16,4,2,7,6,8,0,0,80),(119,60,10,4,2,7,6,8,0,0,80),(120,94,16,4,2,7,6,8,0,0,80),(121,94,16,4,2,7,6,8,0,0,80),(122,94,16,4,2,7,6,8,0,0,80),(123,94,16,4,2,7,6,8,0,0,80),(124,94,16,4,2,7,6,8,0,0,80),(125,94,16,4,2,7,6,8,0,0,80),(126,60,10,4,2,7,6,8,0,0,80),(127,94,16,4,2,7,6,8,0,0,80),(128,60,10,4,2,7,6,8,0,0,80),(129,94,16,4,2,7,6,8,0,0,80),(130,94,16,4,2,7,6,8,0,0,80),(131,94,16,4,2,7,6,8,0,0,80),(132,94,16,4,2,7,6,8,0,0,80),(133,94,16,4,2,7,6,8,0,0,80),(134,94,16,4,2,7,6,8,0,0,80),(135,94,16,4,2,7,6,8,0,0,80),(136,94,16,4,2,7,6,8,0,0,80),(137,94,16,4,2,7,6,8,0,0,80),(138,94,16,4,2,7,6,8,0,0,80),(139,94,16,4,2,7,6,8,0,0,80),(140,94,16,4,2,7,6,8,0,0,80),(141,94,16,4,2,7,6,8,0,0,80),(142,94,16,4,2,7,6,8,0,0,80),(143,94,16,4,2,7,6,8,0,0,80),(144,94,16,4,2,7,6,8,0,0,80),(145,94,16,4,2,7,6,8,0,0,80),(146,94,16,4,2,7,6,8,0,0,80),(147,94,16,4,2,7,6,8,0,0,80),(148,94,16,4,2,7,6,8,0,0,80),(149,94,16,4,2,7,6,8,0,0,80),(150,94,16,4,2,7,6,8,0,0,80),(151,106,23,5,3,3,2,5,0,0,80),(152,59,8,0,5,0,5,0,0,5,80),(153,94,16,4,2,7,6,8,0,0,80),(154,94,16,4,2,7,6,8,0,0,80),(155,94,16,4,2,7,6,8,0,0,80),(156,94,16,4,2,7,6,8,0,0,80),(157,94,16,4,2,7,6,8,0,0,80),(158,94,16,4,2,7,6,8,0,0,80),(159,85,19,0,5,0,5,0,0,5,80),(160,89,21,4,2,7,6,8,0,0,80),(161,102,16,4,2,7,6,8,0,0,80),(162,102,16,4,2,7,6,8,0,0,80),(163,94,16,4,2,7,6,8,0,0,80),(164,94,16,4,2,7,6,8,0,0,80),(165,94,16,4,2,7,6,8,0,0,80),(166,94,16,4,2,7,6,8,0,0,80),(167,94,16,4,2,7,6,8,0,0,80),(168,94,16,4,2,7,6,8,0,0,80),(169,94,16,4,2,7,6,8,0,0,80),(170,94,16,4,2,7,6,8,0,0,80),(171,94,16,4,2,7,6,8,0,0,80),(172,94,16,4,2,7,6,8,0,0,80),(173,94,16,4,2,7,6,8,0,0,80),(174,94,16,4,2,7,6,8,0,0,80),(175,94,16,4,2,7,6,8,0,0,80),(176,94,16,4,2,7,6,8,0,0,80),(177,94,16,4,2,7,6,8,0,0,80),(178,94,16,4,2,7,6,8,0,0,80),(179,94,16,4,2,7,6,8,0,0,80),(180,94,16,4,2,7,6,8,0,0,80),(181,94,16,4,2,7,6,8,0,0,80),(182,94,16,4,2,7,6,8,0,0,80),(183,94,16,4,2,7,6,8,0,0,80),(184,94,16,4,2,7,6,8,0,0,80),(185,94,16,4,2,7,6,8,0,0,80),(186,81,17,4,2,7,6,8,0,0,80),(187,89,21,4,2,7,6,8,0,0,80),(188,81,17,4,2,7,6,8,0,0,80),(189,85,19,4,2,7,6,8,0,0,80),(190,94,16,4,2,7,6,8,0,0,80),(191,60,10,5,0,0,5,0,0,5,80),(192,81,17,4,2,7,6,8,0,0,80),(193,81,17,4,2,7,6,8,0,0,80),(194,94,16,4,2,7,6,8,0,0,80),(195,94,16,4,2,7,6,8,0,0,80),(196,94,16,4,2,7,6,8,0,0,80),(197,94,16,4,2,7,6,8,0,0,80),(198,94,16,4,2,7,6,8,0,0,80),(199,94,16,4,2,7,6,8,0,0,80),(200,94,16,4,2,7,6,8,0,0,80),(201,94,16,4,2,7,6,8,0,0,80),(202,94,16,4,2,7,6,8,0,0,80),(203,94,16,4,2,7,6,8,0,0,80),(204,94,16,4,2,7,6,8,0,0,80),(205,94,16,4,2,7,6,8,0,0,80),(206,94,16,4,2,7,6,8,0,0,80),(207,94,16,4,2,7,6,8,0,0,80),(208,94,16,4,2,7,6,8,0,0,80),(209,94,16,4,2,7,6,8,0,0,80),(210,94,16,4,2,7,6,8,0,0,80),(211,94,16,4,2,7,6,8,0,0,80),(212,94,16,4,2,7,6,8,0,0,80),(213,94,16,4,2,7,6,8,0,0,80),(214,94,16,4,2,7,6,8,0,0,80),(215,94,16,4,2,7,6,8,0,0,80),(216,81,17,4,2,7,6,8,0,0,80),(217,94,16,4,2,7,6,8,0,0,80),(218,94,16,4,2,7,6,8,0,0,80),(219,98,21,0,0,5,0,0,5,0,80),(220,98,21,5,0,0,0,0,0,0,80),(221,98,21,5,0,0,5,0,0,5,80),(222,98,21,5,3,3,2,5,0,0,80),(223,98,21,0,5,0,0,5,0,0,80),(224,60,10,0,5,0,5,0,0,5,80),(225,85,19,4,2,7,6,8,0,0,80),(226,142,27,5,3,3,2,5,0,0,80),(227,98,21,0,0,5,0,0,5,0,80),(228,60,10,0,5,0,5,0,0,5,80),(229,98,21,0,0,5,0,0,10,0,80),(230,60,10,4,2,7,6,8,0,0,80),(231,60,10,4,2,7,6,8,0,0,80),(232,98,21,4,2,7,6,8,0,0,80),(233,98,21,4,2,7,6,8,0,0,80),(234,60,10,0,5,0,5,0,0,5,80),(235,60,10,0,5,0,5,0,0,5,80),(236,60,10,0,5,0,5,0,0,5,80),(237,60,10,0,5,0,5,0,0,5,80),(238,60,10,0,5,0,5,0,0,5,80),(239,94,16,4,2,7,6,8,0,0,80),(240,94,16,4,2,7,6,8,0,0,80),(241,94,16,4,2,7,6,8,0,0,80),(242,94,16,4,2,7,6,8,0,0,80),(243,60,10,4,2,7,6,8,0,0,80),(244,60,10,4,2,7,6,8,0,0,80),(245,60,10,4,2,7,6,8,0,0,80),(246,94,16,4,2,7,6,8,0,0,80),(247,94,16,4,2,7,6,8,0,0,80),(248,60,10,4,2,7,6,8,0,0,80),(249,94,16,4,2,7,6,8,0,0,80),(250,94,16,4,2,7,6,8,0,0,80),(251,60,10,4,2,7,6,8,0,0,80),(252,60,10,4,2,7,6,8,0,0,80),(253,94,16,4,2,7,6,8,0,0,80),(254,94,16,4,2,7,6,8,0,0,80),(255,94,16,4,2,7,6,8,0,0,80),(256,106,23,5,0,0,0,0,0,0,80),(257,94,16,4,2,7,6,8,0,0,80),(258,94,16,5,3,3,2,5,0,0,80),(259,60,10,4,2,7,6,8,0,0,80),(260,94,16,4,2,7,6,8,0,0,80),(261,141,16,4,2,7,6,8,0,0,80),(262,85,19,4,2,7,6,8,0,0,80),(263,85,19,0,5,0,5,0,0,5,80),(264,60,10,4,2,7,6,8,0,0,80),(265,81,17,4,2,7,6,8,0,0,80),(266,81,17,5,3,3,2,5,0,0,80),(267,81,17,4,2,7,6,8,0,0,80),(268,94,16,4,2,7,6,8,0,0,80),(269,94,16,4,2,7,6,8,0,0,80),(270,94,16,4,2,7,6,8,0,0,80),(271,94,16,4,2,7,6,8,0,0,80),(272,148,30,0,0,5,0,0,5,0,80),(273,147,29,5,3,3,2,5,0,0,80),(274,94,16,4,2,7,6,8,0,0,80),(275,152,21,0,0,5,0,0,5,0,80),(276,152,21,4,2,7,6,8,0,0,80),(277,98,21,5,3,3,2,5,0,0,80),(278,82,18,0,5,0,5,0,0,5,80),(279,94,16,4,2,7,6,8,0,0,80),(280,94,16,4,2,7,6,8,0,0,80);
/*!40000 ALTER TABLE `statisticRecord` ENABLE KEYS */;
UNLOCK TABLES;

--
-- Table structure for table `weightByAge`
--

DROP TABLE IF EXISTS `weightByAge`;
/*!40101 SET @saved_cs_client     = @@character_set_client */;
/*!50503 SET character_set_client = utf8mb4 */;
CREATE TABLE `weightByAge` (
  `gender` bigint DEFAULT NULL,
  `age` bigint DEFAULT NULL,
  `age_month` bigint DEFAULT NULL,
  `percentile_1th` double DEFAULT NULL,
  `percentile_3th` double DEFAULT NULL,
  `percentile_5th` double DEFAULT NULL,
  `percentile_10th` double DEFAULT NULL,
  `percentile_15th` double DEFAULT NULL,
  `percentile_25th` double DEFAULT NULL,
  `percentile_50th` double DEFAULT NULL,
  `percentile_75th` double DEFAULT NULL,
  `percentile_85th` double DEFAULT NULL,
  `percentile_90th` double DEFAULT NULL,
  `percentile_95th` double DEFAULT NULL,
  `percentile_97th` double DEFAULT NULL,
  `percentile_99th` double DEFAULT NULL
) ENGINE=InnoDB DEFAULT CHARSET=utf8mb3;
/*!40101 SET character_set_client = @saved_cs_client */;

--
-- Dumping data for table `weightByAge`
--

LOCK TABLES `weightByAge` WRITE;
/*!40000 ALTER TABLE `weightByAge` DISABLE KEYS */;
INSERT INTO `weightByAge` VALUES (1,0,0,2.3,2.5,2.6,2.8,2.9,3,3.3,3.7,3.9,4,4.2,4.3,4.6),(1,0,1,3.2,3.4,3.6,3.8,3.9,4.1,4.5,4.9,5.1,5.3,5.5,5.7,6),(1,0,2,4.1,4.4,4.5,4.7,4.9,5.1,5.6,6,6.3,6.5,6.8,7,7.4),(1,0,3,4.8,5.1,5.2,5.5,5.6,5.9,6.4,6.9,7.2,7.4,7.7,7.9,8.3),(1,0,4,5.4,5.6,5.8,6,6.2,6.5,7,7.6,7.9,8.1,8.4,8.6,9.1),(1,0,5,5.8,6.1,6.2,6.5,6.7,7,7.5,8.1,8.4,8.6,9,9.2,9.7),(1,0,6,6.1,6.4,6.6,6.9,7.1,7.4,7.9,8.5,8.9,9.1,9.5,9.7,10.2),(1,0,7,6.4,6.7,6.9,7.2,7.4,7.7,8.3,8.9,9.3,9.5,9.9,10.2,10.7),(1,0,8,6.7,7,7.2,7.5,7.7,8,8.6,9.3,9.6,9.9,10.3,10.5,11.1),(1,0,9,6.9,7.2,7.4,7.7,7.9,8.3,8.9,9.6,10,10.2,10.6,10.9,11.4),(1,0,10,7.1,7.5,7.7,8,8.2,8.5,9.2,9.9,10.3,10.5,10.9,11.2,11.8),(1,0,11,7.3,7.7,7.9,8.2,8.4,8.7,9.4,10.1,10.5,10.8,11.2,11.5,12.1),(1,1,12,7.5,7.8,8.1,8.4,8.6,9,9.6,10.4,10.8,11.1,11.5,11.8,12.4),(1,1,13,7.6,8,8.2,8.6,8.8,9.2,9.9,10.6,11.1,11.4,11.8,12.1,12.7),(1,1,14,7.8,8.2,8.4,8.8,9,9.4,10.1,10.9,11.3,11.6,12.1,12.4,13),(1,1,15,8,8.4,8.6,9,9.2,9.6,10.3,11.1,11.6,11.9,12.3,12.7,13.3),(1,1,16,8.1,8.5,8.8,9.1,9.4,9.8,10.5,11.3,11.8,12.1,12.6,12.9,13.6),(1,1,17,8.3,8.7,8.9,9.3,9.6,10,10.7,11.6,12,12.4,12.9,13.2,13.9),(1,1,18,8.4,8.9,9.1,9.5,9.7,10.1,10.9,11.8,12.3,12.6,13.1,13.5,14.2),(1,1,19,8.6,9,9.3,9.7,9.9,10.3,11.1,12,12.5,12.9,13.4,13.7,14.4),(1,1,20,8.7,9.2,9.4,9.8,10.1,10.5,11.3,12.2,12.7,13.1,13.6,14,14.7),(1,1,21,8.9,9.3,9.6,10,10.3,10.7,11.5,12.5,13,13.3,13.9,14.3,15),(1,1,22,9,9.5,9.8,10.2,10.5,10.9,11.8,12.7,13.2,13.6,14.2,14.5,15.3),(1,1,23,9.2,9.7,9.9,10.3,10.6,11.1,12,12.9,13.4,13.8,14.4,14.8,15.6),(1,2,24,9.3,9.8,10.1,10.5,10.8,11.3,12.2,13.1,13.7,14.1,14.7,15.1,15.9),(1,2,25,9.5,10,10.2,10.7,11,11.4,12.4,13.3,13.9,14.3,14.9,15.3,16.1),(1,2,26,9.6,10.1,10.4,10.8,11.1,11.6,12.5,13.6,14.1,14.6,15.2,15.6,16.4),(1,2,27,9.7,10.2,10.5,11,11.3,11.8,12.7,13.8,14.4,14.8,15.4,15.9,16.7),(1,2,28,9.9,10.4,10.7,11.1,11.5,12,12.9,14,14.6,15,15.7,16.1,17),(1,2,29,10,10.5,10.8,11.3,11.6,12.1,13.1,14.2,14.8,15.2,15.9,16.4,17.3),(1,2,30,10.1,10.7,11,11.4,11.8,12.3,13.3,14.4,15,15.5,16.2,16.6,17.5),(1,2,31,10.3,10.8,11.1,11.6,11.9,12.4,13.5,14.6,15.2,15.7,16.4,16.9,17.8),(1,2,32,10.4,10.9,11.2,11.7,12.1,12.6,13.7,14.8,15.5,15.9,16.6,17.1,18),(1,2,33,10.5,11.1,11.4,11.9,12.2,12.8,13.8,15,15.7,16.1,16.9,17.3,18.3),(1,2,34,10.6,11.2,11.5,12,12.4,12.9,14,15.2,15.9,16.3,17.1,17.6,18.6),(1,2,35,10.7,11.3,11.6,12.2,12.5,13.1,14.2,15.4,16.1,16.6,17.3,17.8,18.8),(1,3,36,11.7,12.3,12.6,13,13.3,13.8,14.7,15.7,16.3,16.7,17.3,17.7,18.4),(1,3,37,11.9,12.4,12.7,13.2,13.5,14,14.9,15.9,16.5,16.9,17.5,17.9,18.7),(1,3,38,12,12.5,12.8,13.3,13.6,14.1,15.1,16.1,16.7,17.1,17.8,18.2,19),(1,3,39,12.1,12.7,13,13.4,13.8,14.3,15.3,16.3,16.9,17.4,18,18.5,19.4),(1,3,40,12.2,12.8,13.1,13.6,13.9,14.4,15.4,16.5,17.2,17.6,18.3,18.7,19.7),(1,3,41,12.4,12.9,13.2,13.7,14,14.6,15.6,16.7,17.4,17.8,18.5,19,20),(1,3,42,12.5,13,13.4,13.8,14.2,14.7,15.8,16.9,17.6,18.1,18.8,19.3,20.3),(1,3,43,12.6,13.2,13.5,14,14.3,14.9,16,17.1,17.8,18.3,19.1,19.6,20.6),(1,3,44,12.7,13.3,13.6,14.1,14.5,15,16.1,17.3,18,18.5,19.3,19.8,20.9),(1,3,45,12.9,13.4,13.8,14.3,14.6,15.2,16.3,17.5,18.3,18.8,19.6,20.1,21.2),(1,3,46,13,13.6,13.9,14.4,14.8,15.3,16.5,17.7,18.5,19,19.8,20.4,21.5),(1,3,47,13.1,13.7,14,14.5,14.9,15.5,16.7,17.9,18.7,19.2,20.1,20.7,21.8),(1,4,48,13.2,13.8,14.2,14.7,15.1,15.6,16.8,18.1,18.9,19.5,20.4,20.9,22.2),(1,4,49,13.4,14,14.3,14.8,15.2,15.8,17,18.4,19.1,19.7,20.6,21.2,22.5),(1,4,50,13.5,14.1,14.4,15,15.4,16,17.2,18.6,19.4,20,20.9,21.5,22.8),(1,4,51,13.6,14.2,14.6,15.1,15.5,16.1,17.4,18.8,19.6,20.2,21.1,21.8,23.1),(1,4,52,13.7,14.4,14.7,15.3,15.7,16.3,17.5,19,19.8,20.4,21.4,22.1,23.4),(1,4,53,13.9,14.5,14.8,15.4,15.8,16.4,17.7,19.2,20,20.7,21.7,22.3,23.8),(1,4,54,14,14.6,15,15.5,15.9,16.6,17.9,19.4,20.3,20.9,21.9,22.6,24.1),(1,4,55,14.1,14.7,15.1,15.7,16.1,16.7,18.1,19.6,20.5,21.1,22.2,22.9,24.4),(1,4,56,14.2,14.9,15.2,15.8,16.2,16.9,18.2,19.8,20.7,21.4,22.5,23.2,24.7),(1,4,57,14.4,15,15.4,16,16.4,17.1,18.4,20,20.9,21.6,22.7,23.5,25.1),(1,4,58,14.5,15.1,15.5,16.1,16.5,17.2,18.6,20.2,21.2,21.9,23,23.8,25.4),(1,4,59,14.6,15.3,15.6,16.3,16.7,17.4,18.8,20.4,21.4,22.1,23.3,24.1,25.7),(1,5,60,14.7,15.4,15.8,16.4,16.8,17.5,19,20.6,21.6,22.4,23.5,24.3,26),(1,5,61,14.9,15.5,15.9,16.5,17,17.7,19.1,20.8,21.9,22.6,23.8,24.6,26.4),(1,5,62,15,15.7,16.1,16.7,17.1,17.9,19.3,21,22.1,22.9,24.1,24.9,26.7),(1,5,63,15.1,15.8,16.2,16.8,17.3,18,19.5,21.3,22.3,23.1,24.4,25.2,27.1),(1,5,64,15.2,15.9,16.3,17,17.4,18.2,19.7,21.5,22.6,23.4,24.6,25.5,27.4),(1,5,65,15.4,16.1,16.5,17.1,17.6,18.3,19.9,21.7,22.8,23.6,24.9,25.8,27.8),(1,5,66,15.5,16.2,16.6,17.3,17.8,18.5,20.1,21.9,23.1,23.9,25.2,26.2,28.2),(1,5,67,15.6,16.4,16.8,17.4,17.9,18.7,20.3,22.2,23.3,24.2,25.6,26.5,28.6),(1,5,68,15.8,16.5,16.9,17.6,18.1,18.9,20.5,22.4,23.6,24.5,25.9,26.9,29),(1,5,69,15.9,16.7,17.1,17.8,18.3,19,20.7,22.7,23.9,24.8,26.2,27.3,29.4),(1,5,70,16,16.8,17.2,17.9,18.4,19.2,20.9,22.9,24.1,25.1,26.5,27.6,29.9),(1,5,71,16.2,16.9,17.4,18.1,18.6,19.4,21.1,23.2,24.4,25.3,26.9,28,30.3),(1,6,72,16.3,17.1,17.5,18.3,18.8,19.6,21.3,23.4,24.7,25.7,27.2,28.3,30.7),(1,6,73,16.5,17.2,17.7,18.4,19,19.8,21.6,23.7,25,26,27.6,28.7,31.2),(1,6,74,16.6,17.4,17.8,18.6,19.1,20,21.8,24,25.3,26.3,27.9,29.1,31.6),(1,6,75,16.7,17.5,18,18.8,19.3,20.2,22,24.2,25.6,26.6,28.3,29.5,32.1),(1,6,76,16.9,17.7,18.2,18.9,19.5,20.4,22.3,24.5,25.9,27,28.7,29.9,32.5),(1,6,77,17,17.8,18.3,19.1,19.7,20.6,22.5,24.8,26.2,27.3,29,30.3,33),(1,6,78,17.2,18,18.5,19.3,19.9,20.8,22.7,25.1,26.5,27.6,29.4,30.7,33.4),(1,6,79,17.3,18.2,18.7,19.5,20.1,21,23,25.4,26.9,28,29.8,31.1,33.9),(1,6,80,17.4,18.3,18.8,19.6,20.2,21.2,23.2,25.7,27.2,28.3,30.2,31.5,34.4),(1,6,81,17.6,18.5,19,19.8,20.4,21.4,23.5,25.9,27.5,28.7,30.6,31.9,34.9),(1,6,82,17.7,18.6,19.2,20,20.6,21.6,23.7,26.2,27.8,29,30.9,32.3,35.3),(1,6,83,17.9,18.8,19.3,20.2,20.8,21.8,24,26.5,28.2,29.4,31.3,32.8,35.8),(1,7,84,18,18.9,19.5,20.4,21,22,24.2,26.9,28.5,29.7,31.7,33.2,36.3),(1,7,85,18.2,19.1,19.7,20.6,21.2,22.3,24.5,27.2,28.9,30.1,32.2,33.7,36.8),(1,7,86,18.3,19.3,19.8,20.7,21.4,22.5,24.7,27.5,29.2,30.5,32.6,34.1,37.4),(1,7,87,18.4,19.4,20,20.9,21.6,22.7,25,27.8,29.5,30.9,33,34.5,37.9),(1,7,88,18.6,19.6,20.2,21.1,21.8,22.9,25.3,28.1,29.9,31.2,33.4,35,38.4),(1,7,89,18.7,19.8,20.3,21.3,22,23.1,25.5,28.4,30.2,31.6,33.8,35.4,38.9),(1,7,90,18.9,19.9,20.5,21.5,22.2,23.4,25.8,28.8,30.6,32,34.3,35.9,39.4),(1,7,91,19,20.1,20.7,21.7,22.4,23.6,26.1,29.1,31,32.4,34.7,36.4,39.9),(1,7,92,19.2,20.2,20.9,21.9,22.6,23.8,26.4,29.4,31.4,32.8,35.2,36.8,40.5),(1,7,93,19.3,20.4,21,22.1,22.9,24.1,26.7,29.8,31.7,33.2,35.6,37.3,41),(1,7,94,19.4,20.6,21.2,22.3,23.1,24.3,26.9,30.1,32.1,33.6,36,37.8,41.5),(1,7,95,19.6,20.7,21.4,22.5,23.3,24.5,27.2,30.5,32.5,34,36.5,38.3,42.1),(1,8,96,19.7,20.9,21.6,22.7,23.5,24.8,27.5,30.8,32.9,34.4,36.9,38.7,42.6),(1,8,97,19.9,21.1,21.8,22.9,23.7,25,27.8,31.2,33.3,34.8,37.4,39.2,43.1),(1,8,98,20,21.3,22,23.1,24,25.3,28.1,31.6,33.7,35.3,37.9,39.7,43.6),(1,8,99,20.2,21.4,22.1,23.3,24.2,25.5,28.4,31.9,34.1,35.7,38.3,40.2,44.2),(1,8,100,20.3,21.6,22.3,23.5,24.4,25.8,28.7,32.3,34.5,36.1,38.8,40.7,44.7),(1,8,101,20.5,21.8,22.5,23.7,24.6,26,29.1,32.7,34.9,36.5,39.2,41.1,45.2),(1,8,102,20.6,21.9,22.7,24,24.9,26.3,29.4,33,35.3,37,39.7,41.6,45.7),(1,8,103,20.8,22.1,22.9,24.2,25.1,26.6,29.7,33.4,35.7,37.4,40.2,42.2,46.3),(1,8,104,20.9,22.3,23.1,24.4,25.3,26.8,30,33.8,36.1,37.9,40.7,42.7,46.8),(1,8,105,21,22.5,23.3,24.6,25.6,27.1,30.3,34.2,36.6,38.3,41.1,43.2,47.4),(1,8,106,21.2,22.6,23.5,24.8,25.8,27.4,30.7,34.6,37,38.8,41.6,43.7,47.9),(1,8,107,21.3,22.8,23.7,25,26,27.6,31,35,37.4,39.2,42.1,44.2,48.4),(1,9,108,21.5,23,23.8,25.3,26.3,27.9,31.3,35.4,37.9,39.7,42.6,44.7,49),(1,9,109,21.6,23.2,24,25.5,26.5,28.2,31.7,35.8,38.3,40.1,43.1,45.2,49.6),(1,9,110,21.8,23.3,24.2,25.7,26.8,28.5,32,36.2,38.7,40.6,43.6,45.7,50.2),(1,9,111,21.9,23.5,24.4,25.9,27,28.7,32.3,36.6,39.2,41.1,44.1,46.3,50.7),(1,9,112,22.1,23.7,24.6,26.2,27.3,29,32.7,37,39.6,41.5,44.6,46.8,51.3),(1,9,113,22.2,23.9,24.8,26.4,27.5,29.3,33,37.4,40.1,42,45.1,47.3,51.9),(1,9,114,22.4,24.1,25,26.6,27.8,29.6,33.4,37.8,40.5,42.5,45.7,47.9,52.5),(1,9,115,22.5,24.3,25.2,26.9,28,29.9,33.7,38.3,41,43,46.2,48.4,53),(1,9,116,22.7,24.4,25.4,27.1,28.3,30.2,34.1,38.7,41.5,43.5,46.7,49,53.6),(1,9,117,22.8,24.6,25.6,27.3,28.5,30.4,34.4,39.1,41.9,44,47.2,49.5,54.2),(1,9,118,23,24.8,25.9,27.6,28.8,30.7,34.8,39.5,42.4,44.5,47.8,50.1,54.8),(1,9,119,23.1,25,26.1,27.8,29.1,31,35.2,40,42.9,45,48.3,50.6,55.4),(1,10,120,23.3,25.2,26.3,28.1,29.3,31.3,35.5,40.4,43.3,45.5,48.8,51.2,56),(1,10,121,23.5,25.4,26.5,28.3,29.6,31.6,35.9,40.8,43.8,46,49.4,51.8,56.6),(1,10,122,23.6,25.6,26.7,28.6,29.9,32,36.3,41.3,44.3,46.5,49.9,52.3,57.2),(1,10,123,23.8,25.8,26.9,28.8,30.2,32.3,36.7,41.7,44.8,47,50.5,52.9,57.8),(1,10,124,23.9,26,27.2,29.1,30.4,32.6,37,42.2,45.3,47.5,51,53.4,58.4),(1,10,125,24.1,26.2,27.4,29.3,30.7,32.9,37.4,42.6,45.7,48,51.5,54,59),(1,10,126,24.3,26.4,27.6,29.6,31,33.2,37.8,43.1,46.2,48.5,52.1,54.6,59.6),(1,10,127,24.5,26.6,27.9,29.9,31.3,33.5,38.2,43.6,46.7,49,52.7,55.1,60.2),(1,10,128,24.6,26.8,28.1,30.1,31.6,33.9,38.6,44,47.2,49.6,53.2,55.7,60.8),(1,10,129,24.8,27.1,28.3,30.4,31.9,34.2,39,44.5,47.7,50.1,53.8,56.3,61.4),(1,10,130,25,27.3,28.6,30.7,32.2,34.5,39.4,44.9,48.2,50.6,54.3,56.9,62.1),(1,10,131,25.2,27.5,28.8,30.9,32.5,34.9,39.8,45.4,48.7,51.1,54.9,57.5,62.7),(1,11,132,25.4,27.7,29.1,31.2,32.8,35.2,40.2,45.9,49.3,51.7,55.5,58.1,63.3),(1,11,133,25.6,28,29.3,31.5,33.1,35.6,40.6,46.4,49.8,52.2,56.1,58.7,64),(1,11,134,25.8,28.2,29.6,31.8,33.4,35.9,41.1,46.9,50.3,52.8,56.6,59.3,64.6),(1,11,135,26,28.4,29.8,32.1,33.7,36.3,41.5,47.4,50.8,53.3,57.2,59.9,65.3),(1,11,136,26.1,28.7,30.1,32.4,34,36.6,41.9,47.9,51.4,53.9,57.8,60.5,65.9),(1,11,137,26.3,28.9,30.3,32.7,34.3,37,42.3,48.3,51.9,54.4,58.4,61.1,66.5),(1,11,138,26.6,29.2,30.6,33,34.7,37.3,42.8,48.9,52.4,55,59,61.7,67.2),(1,11,139,26.8,29.4,30.9,33.3,35,37.7,43.2,49.4,53,55.6,59.6,62.4,67.9),(1,11,140,27,29.7,31.2,33.6,35.4,38.1,43.6,49.9,53.5,56.1,60.2,63,68.5),(1,11,141,27.3,30,31.5,34,35.7,38.5,44.1,50.4,54.1,56.7,60.8,63.6,69.2),(1,11,142,27.5,30.2,31.8,34.3,36.1,38.9,44.5,50.9,54.6,57.3,61.4,64.2,69.8),(1,11,143,27.7,30.5,32.1,34.6,36.4,39.2,45,51.4,55.1,57.8,62,64.8,70.5),(1,12,144,28,30.8,32.4,35,36.8,39.6,45.4,51.9,55.7,58.4,62.6,65.4,71.1),(1,12,145,28.3,31.1,32.7,35.3,37.2,40,45.9,52.4,56.2,58.9,63.1,66,71.7),(1,12,146,28.6,31.4,33.1,35.7,37.5,40.4,46.3,52.9,56.8,59.5,63.7,66.6,72.4),(1,12,147,28.8,31.7,33.4,36,37.9,40.8,46.8,53.4,57.3,60,64.3,67.2,73),(1,12,148,29.1,32.1,33.7,36.4,38.3,41.3,47.3,53.9,57.8,60.6,64.9,67.8,73.6),(1,12,149,29.4,32.4,34,36.7,38.7,41.7,47.7,54.5,58.4,61.2,65.5,68.4,74.2),(1,12,150,29.7,32.7,34.4,37.1,39.1,42.1,48.2,55,58.9,61.7,66,69,74.8),(1,12,151,30,33,34.7,37.5,39.4,42.5,48.6,55.4,59.4,62.2,66.6,69.5,75.4),(1,12,152,30.3,33.4,35.1,37.9,39.8,42.9,49.1,55.9,59.9,62.7,67.1,70.1,75.9),(1,12,153,30.6,33.7,35.4,38.2,40.2,43.3,49.5,56.4,60.4,63.3,67.6,70.6,76.5),(1,12,154,30.9,34,35.8,38.6,40.6,43.7,50,56.9,61,63.8,68.2,71.2,77),(1,12,155,31.2,34.3,36.1,39,41,44.1,50.5,57.4,61.5,64.3,68.7,71.7,77.6),(1,13,156,31.5,34.7,36.5,39.4,41.4,44.6,50.9,57.9,61.9,64.8,69.2,72.2,78.1),(1,13,157,31.8,35.1,36.9,39.8,41.8,45,51.3,58.4,62.4,65.3,69.7,72.7,78.6),(1,13,158,32.2,35.4,37.2,40.1,42.2,45.4,51.8,58.8,62.9,65.8,70.2,73.2,79.1),(1,13,159,32.5,35.8,37.6,40.5,42.6,45.8,52.2,59.3,63.4,66.2,70.7,73.6,79.5),(1,13,160,32.8,36.1,38,40.9,43,46.2,52.7,59.8,63.8,66.7,71.1,74.1,80),(1,13,161,33.2,36.5,38.3,41.3,43.4,46.6,53.1,60.2,64.3,67.2,71.6,74.6,80.5),(1,13,162,33.5,36.9,38.7,41.7,43.8,47,53.5,60.6,64.7,67.6,72,75,80.9),(1,13,163,33.9,37.2,39.1,42.1,44.2,47.4,53.9,61.1,65.1,68,72.4,75.4,81.3),(1,13,164,34.3,37.6,39.5,42.5,44.6,47.9,54.4,61.5,65.6,68.4,72.8,75.8,81.6),(1,13,165,34.6,38,39.9,42.9,45,48.3,54.8,61.9,66,68.8,73.2,76.2,82),(1,13,166,35,38.4,40.3,43.3,45.4,48.7,55.2,62.3,66.4,69.2,73.6,76.6,82.4),(1,13,167,35.4,38.8,40.7,43.7,45.8,49.1,55.6,62.7,66.8,69.7,74,77,82.8),(1,14,168,35.8,39.2,41,44.1,46.2,49.5,56,63.1,67.1,70,74.4,77.3,83.1),(1,14,169,36.2,39.6,41.4,44.5,46.6,49.9,56.4,63.5,67.5,70.3,74.7,77.6,83.4),(1,14,170,36.5,39.9,41.8,44.9,47,50.2,56.7,63.8,67.8,70.7,75,77.9,83.7),(1,14,171,36.9,40.3,42.2,45.2,47.4,50.6,57.1,64.2,68.2,71,75.4,78.3,84),(1,14,172,37.3,40.7,42.6,45.6,47.8,51,57.5,64.5,68.5,71.4,75.7,78.6,84.3),(1,14,173,37.7,41.1,43,46,48.1,51.4,57.9,64.9,68.9,71.7,76,78.9,84.6),(1,14,174,38.1,41.5,43.4,46.4,48.5,51.8,58.2,65.2,69.2,72,76.3,79.1,84.8),(1,14,175,38.5,41.9,43.7,46.8,48.9,52.1,58.5,65.5,69.5,72.3,76.5,79.4,85),(1,14,176,38.9,42.2,44.1,47.1,49.2,52.4,58.9,65.8,69.8,72.5,76.8,79.6,85.2),(1,14,177,39.2,42.6,44.5,47.5,49.6,52.8,59.2,66.1,70,72.8,77,79.9,85.4),(1,14,178,39.6,43,44.9,47.8,49.9,53.1,59.5,66.4,70.3,73.1,77.3,80.1,85.6),(1,14,179,40,43.4,45.2,48.2,50.3,53.5,59.8,66.7,70.6,73.3,77.5,80.3,85.9),(1,15,180,40.4,43.7,45.6,48.5,50.6,53.8,60.1,66.9,70.8,73.6,77.7,80.5,86),(1,15,181,40.7,44,45.9,48.9,50.9,54.1,60.4,67.2,71.1,73.8,77.9,80.7,86.2),(1,15,182,41.1,44.4,46.2,49.2,51.2,54.4,60.7,67.4,71.3,74,78.1,80.9,86.3),(1,15,183,41.4,44.7,46.6,49.5,51.6,54.7,60.9,67.7,71.5,74.2,78.3,81.1,86.5),(1,15,184,41.8,45.1,46.9,49.8,51.9,55,61.2,67.9,71.7,74.4,78.5,81.2,86.6),(1,15,185,42.1,45.4,47.2,50.1,52.2,55.3,61.5,68.2,72,74.6,78.7,81.4,86.8),(1,15,186,42.4,45.7,47.5,50.4,52.5,55.6,61.7,68.4,72.1,74.8,78.9,81.6,86.9),(1,15,187,42.8,46,47.8,50.7,52.7,55.8,61.9,68.6,72.3,75,79,81.7,87.1),(1,15,188,43.1,46.3,48.1,51,53,56.1,62.2,68.8,72.5,75.2,79.2,81.9,87.2),(1,15,189,43.4,46.6,48.4,51.3,53.3,56.3,62.4,69,72.7,75.3,79.4,82.1,87.4),(1,15,190,43.7,46.9,48.7,51.6,53.5,56.6,62.6,69.2,72.9,75.5,79.5,82.2,87.5),(1,15,191,44,47.2,49,51.8,53.8,56.8,62.9,69.4,73.1,75.7,79.7,82.4,87.6),(1,16,192,44.3,47.5,49.3,52.1,54,57.1,63.1,69.6,73.3,75.9,79.9,82.5,87.8),(1,16,193,44.6,47.8,49.5,52.3,54.3,57.3,63.2,69.7,73.4,76,80,82.7,88),(1,16,194,44.9,48,49.8,52.5,54.5,57.5,63.4,69.9,73.6,76.2,80.2,82.9,88.2),(1,16,195,45.2,48.3,50,52.8,54.7,57.7,63.6,70.1,73.8,76.4,80.4,83,88.3),(1,16,196,45.4,48.5,50.3,53,54.9,57.9,63.8,70.2,73.9,76.5,80.5,83.2,88.5),(1,16,197,45.7,48.8,50.5,53.2,55.2,58.1,64,70.4,74.1,76.7,80.7,83.4,88.7),(1,16,198,45.9,49,50.7,53.4,55.3,58.3,64.2,70.6,74.2,76.8,80.8,83.5,88.8),(1,16,199,46.1,49.2,50.9,53.6,55.5,58.4,64.3,70.7,74.4,77,81,83.7,89),(1,16,200,46.3,49.3,51,53.8,55.7,58.6,64.5,70.9,74.5,77.1,81.1,83.8,89.1),(1,16,201,46.5,49.5,51.2,53.9,55.8,58.8,64.6,71,74.7,77.3,81.2,83.9,89.3),(1,16,202,46.7,49.7,51.4,54.1,56,58.9,64.8,71.1,74.8,77.4,81.4,84.1,89.4),(1,16,203,46.9,49.9,51.6,54.3,56.2,59.1,64.9,71.3,74.9,77.5,81.5,84.2,89.6),(1,17,204,47,50.1,51.7,54.4,56.3,59.2,65,71.4,75.1,77.7,81.7,84.3,89.7),(1,17,205,47.2,50.2,51.9,54.6,56.5,59.4,65.2,71.5,75.2,77.8,81.8,84.5,89.8),(1,17,206,47.4,50.4,52.1,54.7,56.6,59.5,65.3,71.7,75.3,77.9,81.9,84.6,89.9),(1,17,207,47.5,50.6,52.2,54.9,56.8,59.7,65.5,71.8,75.5,78,82,84.7,90.1),(1,17,208,47.7,50.7,52.4,55.1,56.9,59.8,65.6,72,75.6,78.2,82.2,84.8,90.2),(1,17,209,47.9,50.9,52.5,55.2,57.1,60,65.8,72.1,75.7,78.3,82.3,85,90.3),(1,17,210,48,51,52.7,55.4,57.2,60.1,65.9,72.2,75.9,78.4,82.4,85.1,90.4),(1,17,211,48.2,51.2,52.9,55.5,57.4,60.3,66,72.4,76,78.6,82.5,85.2,90.6),(1,17,212,48.4,51.4,53,55.7,57.5,60.4,66.2,72.5,76.1,78.7,82.7,85.4,90.7),(1,17,213,48.5,51.5,53.2,55.8,57.7,60.6,66.3,72.6,76.3,78.8,82.8,85.5,90.8),(1,17,214,48.7,51.7,53.3,56,57.8,60.7,66.4,72.7,76.4,79,82.9,85.6,90.9),(1,17,215,48.9,51.8,53.5,56.1,58,60.8,66.6,72.9,76.5,79.1,83.1,85.7,91.1),(1,18,216,49,52,53.6,56.3,58.1,61,66.7,73,76.6,79.2,83.2,85.9,91.2),(1,18,217,49.2,52.1,53.8,56.4,58.3,61.1,66.9,73.1,76.8,79.3,83.3,86,91.3),(1,18,218,49.3,52.3,53.9,56.6,58.4,61.3,67,73.3,76.9,79.5,83.4,86.1,91.5),(1,18,219,49.5,52.5,54.1,56.7,58.6,61.4,67.1,73.4,77,79.6,83.6,86.3,91.6),(1,18,220,49.7,52.6,54.2,56.9,58.7,61.6,67.3,73.5,77.2,79.7,83.7,86.4,91.7),(1,18,221,49.8,52.8,54.4,57,58.9,61.7,67.4,73.7,77.3,79.9,83.8,86.5,91.9),(1,18,222,50,52.9,54.5,57.2,59,61.8,67.5,73.8,77.4,80,84,86.6,92),(1,18,223,50.1,53.1,54.7,57.3,59.1,62,67.7,73.9,77.6,80.1,84.1,86.8,92.1),(1,18,224,50.3,53.2,54.8,57.5,59.3,62.1,67.8,74.1,77.7,80.2,84.2,86.9,92.2),(1,18,225,50.4,53.4,55,57.6,59.4,62.3,67.9,74.2,77.8,80.4,84.3,87,92.4),(1,18,226,50.6,53.5,55.1,57.7,59.6,62.4,68.1,74.3,77.9,80.5,84.5,87.1,92.5),(1,18,227,50.8,53.7,55.3,57.9,59.7,62.5,68.2,74.5,78.1,80.6,84.6,87.3,92.6),(2,0,0,2.3,2.4,2.5,2.7,2.8,2.9,3.2,3.6,3.7,3.9,4,4.2,4.4),(2,0,1,3,3.2,3.3,3.5,3.6,3.8,4.2,4.6,4.8,5,5.2,5.4,5.7),(2,0,2,3.8,4,4.1,4.3,4.5,4.7,5.1,5.6,5.9,6,6.3,6.5,6.9),(2,0,3,4.4,4.6,4.7,5,5.1,5.4,5.8,6.4,6.7,6.9,7.2,7.4,7.8),(2,0,4,4.8,5.1,5.2,5.5,5.6,5.9,6.4,7,7.3,7.5,7.9,8.1,8.6),(2,0,5,5.2,5.5,5.6,5.9,6.1,6.4,6.9,7.5,7.8,8.1,8.4,8.7,9.2),(2,0,6,5.5,5.8,6,6.2,6.4,6.7,7.3,7.9,8.3,8.5,8.9,9.2,9.7),(2,0,7,5.8,6.1,6.3,6.5,6.7,7,7.6,8.3,8.7,8.9,9.4,9.6,10.2),(2,0,8,6,6.3,6.5,6.8,7,7.3,7.9,8.6,9,9.3,9.7,10,10.6),(2,0,9,6.2,6.6,6.8,7,7.3,7.6,8.2,8.9,9.3,9.6,10.1,10.4,11),(2,0,10,6.4,6.8,7,7.3,7.5,7.8,8.5,9.2,9.6,9.9,10.4,10.7,11.3),(2,0,11,6.6,7,7.2,7.5,7.7,8,8.7,9.5,9.9,10.2,10.7,11,11.7),(2,1,12,6.8,7.1,7.3,7.7,7.9,8.2,8.9,9.7,10.2,10.5,11,11.3,12),(2,1,13,6.9,7.3,7.5,7.9,8.1,8.4,9.2,10,10.4,10.8,11.3,11.6,12.3),(2,1,14,7.1,7.5,7.7,8,8.3,8.6,9.4,10.2,10.7,11,11.5,11.9,12.6),(2,1,15,7.3,7.7,7.9,8.2,8.5,8.8,9.6,10.4,10.9,11.3,11.8,12.2,12.9),(2,1,16,7.4,7.8,8.1,8.4,8.7,9,9.8,10.7,11.2,11.5,12.1,12.5,13.2),(2,1,17,7.6,8,8.2,8.6,8.8,9.2,10,10.9,11.4,11.8,12.3,12.7,13.5),(2,1,18,7.8,8.2,8.4,8.8,9,9.4,10.2,11.1,11.6,12,12.6,13,13.8),(2,1,19,7.9,8.3,8.6,8.9,9.2,9.6,10.4,11.4,11.9,12.3,12.9,13.3,14.1),(2,1,20,8.1,8.5,8.7,9.1,9.4,9.8,10.6,11.6,12.1,12.5,13.1,13.5,14.4),(2,1,21,8.2,8.7,8.9,9.3,9.6,10,10.9,11.8,12.4,12.8,13.4,13.8,14.6),(2,1,22,8.4,8.8,9.1,9.5,9.8,10.2,11.1,12,12.6,13,13.6,14.1,14.9),(2,1,23,8.5,9,9.2,9.7,9.9,10.4,11.3,12.3,12.8,13.3,13.9,14.3,15.2),(2,2,24,8.7,9.2,9.4,9.8,10.1,10.6,11.5,12.5,13.1,13.5,14.2,14.6,15.5),(2,2,25,8.9,9.3,9.6,10,10.3,10.8,11.7,12.7,13.3,13.8,14.4,14.9,15.8),(2,2,26,9,9.5,9.8,10.2,10.5,10.9,11.9,12.9,13.6,14,14.7,15.2,16.1),(2,2,27,9.2,9.6,9.9,10.4,10.7,11.1,12.1,13.2,13.8,14.3,15,15.4,16.4),(2,2,28,9.3,9.8,10.1,10.5,10.8,11.3,12.3,13.4,14,14.5,15.2,15.7,16.7),(2,2,29,9.5,10,10.2,10.7,11,11.5,12.5,13.6,14.3,14.7,15.5,16,17),(2,2,30,9.6,10.1,10.4,10.9,11.2,11.7,12.7,13.8,14.5,15,15.7,16.2,17.3),(2,2,31,9.7,10.3,10.5,11,11.3,11.9,12.9,14.1,14.7,15.2,16,16.5,17.6),(2,2,32,9.9,10.4,10.7,11.2,11.5,12,13.1,14.3,15,15.5,16.2,16.8,17.8),(2,2,33,10,10.5,10.8,11.3,11.7,12.2,13.3,14.5,15.2,15.7,16.5,17,18.1),(2,2,34,10.1,10.7,11,11.5,11.8,12.4,13.5,14.7,15.4,15.9,16.8,17.3,18.4),(2,2,35,10.3,10.8,11.1,11.6,12,12.5,13.7,14.9,15.7,16.2,17,17.6,18.7),(2,3,36,11.1,11.7,12,12.4,12.8,13.3,14.2,15.2,15.7,16.1,16.6,17,17.6),(2,3,37,11.2,11.8,12.1,12.6,12.9,13.4,14.4,15.4,15.9,16.3,16.9,17.2,17.9),(2,3,38,11.4,11.9,12.2,12.7,13.1,13.6,14.5,15.6,16.1,16.5,17.1,17.5,18.3),(2,3,39,11.5,12.1,12.4,12.9,13.2,13.7,14.7,15.8,16.3,16.8,17.4,17.8,18.6),(2,3,40,11.6,12.2,12.5,13,13.3,13.9,14.9,16,16.6,17,17.6,18.1,18.9),(2,3,41,11.8,12.3,12.7,13.1,13.5,14,15.1,16.2,16.8,17.2,17.9,18.3,19.2),(2,3,42,11.9,12.5,12.8,13.3,13.6,14.2,15.2,16.4,17,17.5,18.1,18.6,19.5),(2,3,43,12,12.6,12.9,13.4,13.8,14.3,15.4,16.6,17.2,17.7,18.4,18.9,19.8),(2,3,44,12.2,12.7,13.1,13.6,13.9,14.5,15.6,16.8,17.4,17.9,18.7,19.2,20.2),(2,3,45,12.3,12.9,13.2,13.7,14.1,14.6,15.7,17,17.7,18.2,18.9,19.5,20.5),(2,3,46,12.4,13,13.3,13.9,14.2,14.8,15.9,17.2,17.9,18.4,19.2,19.7,20.8),(2,3,47,12.6,13.1,13.5,14,14.4,14.9,16.1,17.4,18.1,18.6,19.5,20,21.1),(2,4,48,12.7,13.3,13.6,14.1,14.5,15.1,16.3,17.6,18.3,18.9,19.7,20.3,21.5),(2,4,49,12.8,13.4,13.7,14.3,14.7,15.2,16.4,17.8,18.5,19.1,20,20.6,21.8),(2,4,50,13,13.6,13.9,14.4,14.8,15.4,16.6,18,18.8,19.3,20.2,20.9,22.1),(2,4,51,13.1,13.7,14,14.6,15,15.6,16.8,18.2,19,19.6,20.5,21.1,22.4),(2,4,52,13.2,13.8,14.2,14.7,15.1,15.7,17,18.4,19.2,19.8,20.8,21.4,22.8),(2,4,53,13.3,14,14.3,14.9,15.2,15.9,17.1,18.6,19.4,20,21,21.7,23.1),(2,4,54,13.5,14.1,14.4,15,15.4,16,17.3,18.8,19.7,20.3,21.3,22,23.4),(2,4,55,13.6,14.2,14.6,15.1,15.5,16.2,17.5,19,19.9,20.5,21.6,22.3,23.8),(2,4,56,13.7,14.4,14.7,15.3,15.7,16.3,17.7,19.2,20.1,20.8,21.8,22.6,24.1),(2,4,57,13.9,14.5,14.8,15.4,15.8,16.5,17.8,19.4,20.3,21,22.1,22.9,24.4),(2,4,58,14,14.6,15,15.6,16,16.6,18,19.6,20.5,21.2,22.4,23.1,24.8),(2,4,59,14.1,14.8,15.1,15.7,16.1,16.8,18.2,19.8,20.8,21.5,22.6,23.4,25.1),(2,5,60,14.2,14.9,15.3,15.9,16.3,17,18.4,20,21,21.7,22.9,23.7,25.4),(2,5,61,14.4,15,15.4,16,16.4,17.1,18.5,20.2,21.2,22,23.2,24,25.8),(2,5,62,14.5,15.2,15.5,16.1,16.6,17.3,18.7,20.4,21.5,22.2,23.4,24.3,26.1),(2,5,63,14.6,15.3,15.7,16.3,16.7,17.4,18.9,20.6,21.7,22.5,23.7,24.6,26.5),(2,5,64,14.8,15.4,15.8,16.4,16.9,17.6,19.1,20.8,21.9,22.7,24,24.9,26.8),(2,5,65,14.9,15.6,16,16.6,17,17.8,19.3,21,22.1,22.9,24.3,25.2,27.2),(2,5,66,15,15.7,16.1,16.7,17.2,17.9,19.5,21.3,22.4,23.2,24.6,25.5,27.6),(2,5,67,15.1,15.8,16.2,16.9,17.3,18.1,19.7,21.5,22.7,23.5,24.9,25.9,28),(2,5,68,15.3,16,16.4,17,17.5,18.3,19.9,21.7,22.9,23.8,25.2,26.2,28.4),(2,5,69,15.4,16.1,16.5,17.2,17.7,18.4,20.1,22,23.2,24.1,25.5,26.6,28.8),(2,5,70,15.5,16.2,16.6,17.3,17.8,18.6,20.2,22.2,23.4,24.4,25.8,26.9,29.2),(2,5,71,15.6,16.4,16.8,17.5,18,18.8,20.4,22.5,23.7,24.6,26.2,27.2,29.6),(2,6,72,15.7,16.5,16.9,17.6,18.1,18.9,20.7,22.7,24,24.9,26.5,27.6,30),(2,6,73,15.9,16.6,17.1,17.8,18.3,19.1,20.9,23,24.3,25.3,26.8,28,30.4),(2,6,74,16,16.8,17.2,17.9,18.5,19.3,21.1,23.2,24.6,25.6,27.2,28.4,30.9),(2,6,75,16.1,16.9,17.4,18.1,18.6,19.5,21.3,23.5,24.9,25.9,27.5,28.7,31.3),(2,6,76,16.2,17,17.5,18.3,18.8,19.7,21.5,23.7,25.1,26.2,27.9,29.1,31.7),(2,6,77,16.4,17.2,17.6,18.4,19,19.9,21.7,24,25.4,26.5,28.2,29.5,32.2),(2,6,78,16.5,17.3,17.8,18.6,19.1,20,22,24.3,25.7,26.8,28.6,29.9,32.6),(2,6,79,16.6,17.5,17.9,18.7,19.3,20.2,22.2,24.6,26,27.2,29,30.3,33.1),(2,6,80,16.7,17.6,18.1,18.9,19.5,20.4,22.4,24.8,26.4,27.5,29.3,30.7,33.5),(2,6,81,16.9,17.7,18.2,19.1,19.7,20.6,22.7,25.1,26.7,27.8,29.7,31.1,34),(2,6,82,17,17.9,18.4,19.2,19.9,20.8,22.9,25.4,27,28.2,30.1,31.5,34.5),(2,6,83,17.1,18,18.5,19.4,20,21,23.1,25.7,27.3,28.5,30.5,31.9,34.9),(2,7,84,17.3,18.2,18.7,19.6,20.2,21.2,23.4,26,27.6,28.8,30.9,32.3,35.4),(2,7,85,17.4,18.3,18.9,19.8,20.4,21.4,23.6,26.3,28,29.2,31.3,32.7,35.9),(2,7,86,17.5,18.5,19,19.9,20.6,21.6,23.9,26.6,28.3,29.6,31.7,33.2,36.4),(2,7,87,17.7,18.6,19.2,20.1,20.8,21.9,24.1,26.9,28.6,29.9,32.1,33.6,36.9),(2,7,88,17.8,18.8,19.4,20.3,21,22.1,24.4,27.2,29,30.3,32.5,34,37.4),(2,7,89,17.9,18.9,19.5,20.5,21.2,22.3,24.6,27.5,29.3,30.7,32.9,34.4,37.9),(2,7,90,18.1,19.1,19.7,20.7,21.4,22.5,24.9,27.8,29.7,31,33.3,34.9,38.4),(2,7,91,18.2,19.3,19.9,20.9,21.6,22.7,25.2,28.2,30,31.4,33.7,35.3,38.9),(2,7,92,18.3,19.4,20,21,21.8,23,25.5,28.5,30.4,31.8,34.1,35.8,39.4),(2,7,93,18.5,19.6,20.2,21.2,22,23.2,25.7,28.8,30.7,32.2,34.5,36.2,39.9),(2,7,94,18.6,19.7,20.4,21.4,22.2,23.4,26,29.1,31.1,32.6,35,36.7,40.4),(2,7,95,18.8,19.9,20.5,21.6,22.4,23.6,26.3,29.5,31.5,32.9,35.4,37.1,40.9),(2,8,96,18.9,20.1,20.7,21.8,22.6,23.9,26.6,29.8,31.8,33.4,35.8,37.6,41.4),(2,8,97,19.1,20.3,20.9,22,22.8,24.1,26.8,30.2,32.2,33.8,36.3,38.1,42),(2,8,98,19.2,20.4,21.1,22.2,23.1,24.4,27.1,30.5,32.6,34.2,36.7,38.6,42.5),(2,8,99,19.4,20.6,21.3,22.4,23.3,24.6,27.4,30.8,33,34.6,37.2,39,43),(2,8,100,19.5,20.8,21.5,22.6,23.5,24.8,27.7,31.2,33.4,35,37.6,39.5,43.6),(2,8,101,19.7,20.9,21.7,22.8,23.7,25.1,28,31.5,33.7,35.4,38.1,40,44.1),(2,8,102,19.9,21.1,21.9,23.1,23.9,25.3,28.3,31.9,34.1,35.8,38.5,40.5,44.6),(2,8,103,20,21.3,22.1,23.3,24.2,25.6,28.6,32.3,34.5,36.2,39,41,45.2),(2,8,104,20.2,21.5,22.3,23.5,24.4,25.9,28.9,32.6,35,36.7,39.5,41.5,45.8),(2,8,105,20.4,21.7,22.5,23.7,24.7,26.1,29.2,33,35.4,37.1,39.9,42,46.3),(2,8,106,20.5,21.9,22.7,24,24.9,26.4,29.6,33.4,35.8,37.5,40.4,42.5,46.9),(2,8,107,20.7,22.1,22.9,24.2,25.1,26.6,29.9,33.7,36.2,38,40.9,43,47.4),(2,9,108,20.9,22.3,23.1,24.4,25.4,26.9,30.2,34.1,36.6,38.4,41.4,43.5,48),(2,9,109,21.1,22.5,23.3,24.7,25.6,27.2,30.5,34.5,37,38.9,41.9,44,48.6),(2,9,110,21.2,22.7,23.5,24.9,25.9,27.5,30.9,34.9,37.5,39.3,42.4,44.5,49.1),(2,9,111,21.4,22.9,23.7,25.1,26.2,27.8,31.2,35.3,37.9,39.8,42.9,45.1,49.7),(2,9,112,21.6,23.1,24,25.4,26.4,28.1,31.5,35.7,38.3,40.2,43.4,45.6,50.3),(2,9,113,21.8,23.3,24.2,25.6,26.7,28.3,31.9,36.1,38.7,40.7,43.9,46.1,50.9),(2,9,114,22,23.5,24.4,25.9,26.9,28.6,32.2,36.5,39.2,41.2,44.4,46.6,51.4),(2,9,115,22.1,23.7,24.6,26.1,27.2,28.9,32.6,37,39.7,41.7,44.9,47.2,52),(2,9,116,22.3,23.9,24.8,26.4,27.5,29.2,32.9,37.4,40.1,42.1,45.4,47.7,52.6),(2,9,117,22.5,24.1,25.1,26.6,27.7,29.5,33.3,37.8,40.6,42.6,45.9,48.3,53.2),(2,9,118,22.7,24.3,25.3,26.9,28,29.8,33.7,38.2,41,43.1,46.4,48.8,53.7),(2,9,119,22.8,24.5,25.5,27.1,28.3,30.1,34,38.6,41.5,43.6,46.9,49.3,54.3),(2,10,120,23,24.8,25.8,27.4,28.6,30.4,34.4,39.1,42,44.1,47.5,49.9,54.9),(2,10,121,23.2,25,26,27.7,28.9,30.8,34.8,39.5,42.4,44.6,48,50.4,55.4),(2,10,122,23.4,25.2,26.2,27.9,29.1,31.1,35.2,40,42.9,45.1,48.5,51,56),(2,10,123,23.6,25.4,26.5,28.2,29.4,31.4,35.5,40.4,43.4,45.6,49.1,51.5,56.6),(2,10,124,23.8,25.7,26.7,28.5,29.7,31.7,35.9,40.9,43.9,46.1,49.6,52,57.2),(2,10,125,24,25.9,27,28.7,30,32,36.3,41.3,44.3,46.6,50.1,52.6,57.7),(2,10,126,24.2,26.1,27.2,29,30.3,32.4,36.7,41.7,44.8,47,50.6,53.1,58.3),(2,10,127,24.4,26.4,27.5,29.3,30.6,32.7,37.1,42.2,45.3,47.5,51.1,53.6,58.8),(2,10,128,24.6,26.6,27.8,29.6,31,33.1,37.5,42.6,45.8,48,51.6,54.2,59.3),(2,10,129,24.9,26.9,28,29.9,31.3,33.4,37.9,43.1,46.2,48.5,52.2,54.7,59.9),(2,10,130,25.1,27.1,28.3,30.2,31.6,33.8,38.3,43.6,46.7,49,52.7,55.2,60.4),(2,10,131,25.3,27.4,28.6,30.5,31.9,34.1,38.7,44,47.2,49.5,53.2,55.7,61),(2,11,132,25.6,27.7,28.9,30.8,32.2,34.5,39.1,44.4,47.7,50,53.7,56.2,61.5),(2,11,133,25.8,27.9,29.2,31.1,32.6,34.8,39.5,44.9,48.1,50.4,54.1,56.7,62),(2,11,134,26,28.2,29.4,31.5,32.9,35.2,39.9,45.3,48.6,50.9,54.6,57.2,62.4),(2,11,135,26.3,28.5,29.7,31.8,33.2,35.5,40.3,45.8,49,51.4,55.1,57.7,62.9),(2,11,136,26.5,28.8,30,32.1,33.6,35.9,40.7,46.2,49.5,51.8,55.6,58.2,63.4),(2,11,137,26.8,29,30.3,32.4,33.9,36.2,41.1,46.6,49.9,52.3,56.1,58.7,63.9),(2,11,138,27,29.3,30.6,32.7,34.2,36.6,41.5,47,50.4,52.7,56.5,59.1,64.3),(2,11,139,27.3,29.6,30.9,33,34.6,36.9,41.8,47.4,50.8,53.2,56.9,59.5,64.8),(2,11,140,27.6,29.9,31.2,33.4,34.9,37.3,42.2,47.9,51.2,53.6,57.4,60,65.2),(2,11,141,27.9,30.2,31.5,33.7,35.2,37.7,42.6,48.3,51.6,54,57.8,60.4,65.7),(2,11,142,28.1,30.5,31.8,34,35.6,38,43,48.7,52,54.5,58.2,60.8,66.1),(2,11,143,28.4,30.8,32.1,34.3,35.9,38.4,43.4,49.1,52.5,54.9,58.7,61.3,66.5),(2,12,144,28.7,31.1,32.5,34.7,36.2,38.7,43.7,49.5,52.8,55.3,59.1,61.7,66.9),(2,12,145,29,31.4,32.8,35,36.6,39,44.1,49.8,53.2,55.6,59.4,62,67.3),(2,12,146,29.3,31.7,33.1,35.3,36.9,39.4,44.4,50.2,53.6,56,59.8,62.4,67.7),(2,12,147,29.6,32.1,33.4,35.7,37.2,39.7,44.8,50.6,53.9,56.4,60.2,62.8,68.1),(2,12,148,29.9,32.4,33.7,36,37.6,40.1,45.2,50.9,54.3,56.8,60.6,63.2,68.4),(2,12,149,30.2,32.7,34.1,36.3,37.9,40.4,45.5,51.3,54.7,57.1,60.9,63.6,68.8),(2,12,150,30.5,33,34.4,36.6,38.2,40.7,45.8,51.6,55,57.4,61.3,63.9,69.1),(2,12,151,30.9,33.3,34.7,36.9,38.5,41,46.1,51.9,55.3,57.7,61.6,64.2,69.4),(2,12,152,31.2,33.6,35,37.3,38.9,41.3,46.5,52.2,55.6,58,61.9,64.5,69.7),(2,12,153,31.5,33.9,35.3,37.6,39.2,41.7,46.8,52.5,55.9,58.4,62.2,64.8,70),(2,12,154,31.8,34.3,35.6,37.9,39.5,42,47.1,52.8,56.2,58.7,62.5,65.1,70.3),(2,12,155,32.1,34.6,36,38.2,39.8,42.3,47.4,53.1,56.5,59,62.8,65.4,70.6),(2,13,156,32.4,34.9,36.3,38.5,40.1,42.6,47.7,53.4,56.8,59.2,63,65.6,70.8),(2,13,157,32.7,35.2,36.5,38.8,40.4,42.9,47.9,53.6,57,59.4,63.2,65.8,71.1),(2,13,158,33,35.5,36.8,39.1,40.7,43.1,48.2,53.9,57.3,59.7,63.5,66.1,71.3),(2,13,159,33.3,35.8,37.1,39.4,40.9,43.4,48.5,54.2,57.5,59.9,63.7,66.3,71.5),(2,13,160,33.6,36.1,37.4,39.6,41.2,43.7,48.7,54.4,57.8,60.2,63.9,66.5,71.7),(2,13,161,33.9,36.4,37.7,39.9,41.5,44,49,54.7,58,60.4,64.2,66.7,71.9),(2,13,162,34.2,36.6,38,40.2,41.7,44.2,49.2,54.9,58.2,60.6,64.3,66.9,72.1),(2,13,163,34.5,36.9,38.2,40.4,42,44.4,49.4,55.1,58.4,60.8,64.5,67.1,72.3),(2,13,164,34.7,37.1,38.5,40.7,42.2,44.7,49.7,55.3,58.6,61,64.7,67.3,72.4),(2,13,165,35,37.4,38.7,40.9,42.5,44.9,49.9,55.5,58.8,61.2,64.9,67.5,72.6),(2,13,166,35.2,37.6,39,41.2,42.7,45.1,50.1,55.7,59,61.4,65.1,67.6,72.8),(2,13,167,35.5,37.9,39.2,41.4,43,45.4,50.3,55.9,59.2,61.6,65.3,67.8,73),(2,14,168,35.7,38.1,39.5,41.6,43.2,45.6,50.5,56.1,59.4,61.7,65.4,67.9,73.1),(2,14,169,35.9,38.3,39.7,41.8,43.4,45.8,50.7,56.3,59.5,61.9,65.6,68.1,73.2),(2,14,170,36.2,38.6,39.9,42.1,43.6,46,50.9,56.4,59.7,62,65.7,68.2,73.3),(2,14,171,36.4,38.8,40.1,42.3,43.8,46.2,51.1,56.6,59.9,62.2,65.8,68.3,73.4),(2,14,172,36.6,39,40.3,42.5,44,46.4,51.3,56.8,60,62.3,66,68.5,73.5),(2,14,173,36.8,39.2,40.6,42.7,44.2,46.6,51.5,57,60.2,62.5,66.1,68.6,73.6),(2,14,174,37,39.4,40.7,42.9,44.4,46.8,51.6,57.1,60.3,62.6,66.2,68.7,73.6),(2,14,175,37.2,39.6,40.9,43.1,44.6,47,51.8,57.2,60.4,62.7,66.3,68.8,73.7),(2,14,176,37.4,39.8,41.1,43.2,44.8,47.1,52,57.4,60.6,62.8,66.4,68.9,73.8),(2,14,177,37.6,40,41.3,43.4,44.9,47.3,52.1,57.5,60.7,63,66.5,68.9,73.8),(2,14,178,37.8,40.1,41.5,43.6,45.1,47.5,52.3,57.7,60.8,63.1,66.6,69,73.9),(2,14,179,38,40.3,41.6,43.8,45.3,47.7,52.4,57.8,61,63.2,66.7,69.1,73.9),(2,15,180,38.1,40.5,41.8,43.9,45.4,47.8,52.6,57.9,61,63.3,66.8,69.2,74),(2,15,181,38.3,40.6,41.9,44.1,45.6,47.9,52.7,58,61.1,63.4,66.9,69.2,74),(2,15,182,38.4,40.8,42.1,44.2,45.7,48.1,52.8,58.1,61.2,63.5,66.9,69.3,74.1),(2,15,183,38.6,40.9,42.2,44.3,45.9,48.2,52.9,58.2,61.3,63.5,67,69.4,74.1),(2,15,184,38.7,41.1,42.4,44.5,46,48.3,53,58.3,61.4,63.6,67.1,69.4,74.1),(2,15,185,38.9,41.2,42.5,44.6,46.1,48.5,53.2,58.4,61.5,63.7,67.1,69.5,74.2),(2,15,186,39,41.3,42.6,44.7,46.2,48.5,53.2,58.5,61.6,63.8,67.2,69.5,74.2),(2,15,187,39.1,41.4,42.7,44.8,46.3,48.6,53.3,58.6,61.6,63.8,67.2,69.6,74.2),(2,15,188,39.2,41.5,42.8,44.9,46.4,48.7,53.4,58.6,61.7,63.9,67.3,69.6,74.3),(2,15,189,39.3,41.6,42.9,45,46.5,48.8,53.5,58.7,61.8,63.9,67.3,69.6,74.3),(2,15,190,39.4,41.8,43.1,45.1,46.6,48.9,53.6,58.8,61.8,64,67.4,69.7,74.3),(2,15,191,39.5,41.9,43.2,45.3,46.7,49,53.7,58.9,61.9,64.1,67.4,69.7,74.3),(2,16,192,39.6,41.9,43.2,45.3,46.8,49.1,53.7,58.9,61.9,64.1,67.5,69.8,74.4),(2,16,193,39.7,42,43.3,45.4,46.9,49.2,53.8,58.9,62,64.1,67.5,69.8,74.4),(2,16,194,39.8,42.1,43.4,45.5,46.9,49.2,53.8,59,62,64.1,67.5,69.8,74.4),(2,16,195,39.9,42.2,43.5,45.5,47,49.3,53.9,59,62,64.2,67.5,69.8,74.4),(2,16,196,40,42.3,43.5,45.6,47.1,49.3,53.9,59.1,62.1,64.2,67.6,69.8,74.4),(2,16,197,40.1,42.3,43.6,45.7,47.1,49.4,54,59.1,62.1,64.2,67.6,69.9,74.4),(2,16,198,40.1,42.4,43.7,45.7,47.2,49.4,54,59.1,62.1,64.2,67.6,69.9,74.4),(2,16,199,40.2,42.5,43.7,45.8,47.2,49.5,54,59.1,62.1,64.2,67.6,69.9,74.5),(2,16,200,40.3,42.5,43.8,45.8,47.3,49.5,54,59.1,62.1,64.3,67.6,69.9,74.5),(2,16,201,40.3,42.6,43.8,45.8,47.3,49.5,54.1,59.1,62.1,64.3,67.6,69.9,74.5),(2,16,202,40.4,42.6,43.9,45.9,47.3,49.5,54.1,59.1,62.1,64.3,67.6,69.9,74.5),(2,16,203,40.4,42.7,43.9,45.9,47.4,49.6,54.1,59.1,62.1,64.3,67.6,69.9,74.5),(2,17,204,40.5,42.7,44,46,47.4,49.6,54.1,59.1,62.1,64.3,67.6,69.9,74.5),(2,17,205,40.6,42.8,44,46,47.4,49.6,54.1,59.1,62.1,64.2,67.6,69.9,74.6),(2,17,206,40.6,42.8,44,46,47.4,49.6,54.1,59.1,62.1,64.2,67.6,69.9,74.6),(2,17,207,40.7,42.8,44.1,46,47.4,49.6,54.1,59.1,62.1,64.2,67.6,69.9,74.6),(2,17,208,40.7,42.9,44.1,46.1,47.5,49.6,54.1,59.1,62.1,64.2,67.6,69.9,74.6),(2,17,209,40.8,42.9,44.1,46.1,47.5,49.6,54.1,59.1,62.1,64.2,67.6,69.9,74.6),(2,17,210,40.8,43,44.2,46.1,47.5,49.6,54.1,59.1,62.1,64.2,67.6,69.9,74.7),(2,17,211,40.9,43,44.2,46.1,47.5,49.7,54.1,59.1,62,64.2,67.6,69.9,74.7),(2,17,212,40.9,43,44.2,46.1,47.5,49.7,54.1,59.1,62,64.2,67.6,69.9,74.7),(2,17,213,41,43.1,44.3,46.2,47.5,49.7,54,59,62,64.2,67.6,69.9,74.7),(2,17,214,41,43.1,44.3,46.2,47.6,49.7,54,59,62,64.2,67.6,69.9,74.8),(2,17,215,41.1,43.2,44.3,46.2,47.6,49.7,54,59,62,64.1,67.6,69.9,74.8),(2,18,216,41.1,43.2,44.3,46.2,47.6,49.7,54,59,62,64.1,67.5,69.9,74.8),(2,18,217,41.2,43.2,44.4,46.3,47.6,49.7,54,59,62,64.1,67.5,69.9,74.8),(2,18,218,41.2,43.3,44.4,46.3,47.6,49.7,54,59,61.9,64.1,67.5,69.9,74.8),(2,18,219,41.3,43.3,44.4,46.3,47.6,49.7,54,58.9,61.9,64.1,67.5,69.9,74.9),(2,18,220,41.3,43.3,44.5,46.3,47.6,49.7,54,58.9,61.9,64.1,67.5,69.9,74.9),(2,18,221,41.4,43.4,44.5,46.3,47.6,49.7,54,58.9,61.9,64.1,67.5,69.9,74.9),(2,18,222,41.4,43.4,44.5,46.3,47.7,49.7,54,58.9,61.9,64,67.5,69.9,74.9),(2,18,223,41.5,43.4,44.5,46.4,47.7,49.7,54,58.9,61.9,64,67.5,69.9,75),(2,18,224,41.5,43.5,44.6,46.4,47.7,49.7,53.9,58.9,61.8,64,67.5,69.9,75),(2,18,225,41.5,43.5,44.6,46.4,47.7,49.7,53.9,58.8,61.8,64,67.5,69.9,75),(2,18,226,41.6,43.5,44.6,46.4,47.7,49.7,53.9,58.8,61.8,64,67.5,69.9,75),(2,18,227,41.6,43.6,44.7,46.4,47.7,49.7,53.9,58.8,61.8,64,67.5,69.9,75.1);
/*!40000 ALTER TABLE `weightByAge` ENABLE KEYS */;
UNLOCK TABLES;
/*!40103 SET TIME_ZONE=@OLD_TIME_ZONE */;

/*!40101 SET SQL_MODE=@OLD_SQL_MODE */;
/*!40014 SET FOREIGN_KEY_CHECKS=@OLD_FOREIGN_KEY_CHECKS */;
/*!40014 SET UNIQUE_CHECKS=@OLD_UNIQUE_CHECKS */;
/*!40101 SET CHARACTER_SET_CLIENT=@OLD_CHARACTER_SET_CLIENT */;
/*!40101 SET CHARACTER_SET_RESULTS=@OLD_CHARACTER_SET_RESULTS */;
/*!40101 SET COLLATION_CONNECTION=@OLD_COLLATION_CONNECTION */;
/*!40111 SET SQL_NOTES=@OLD_SQL_NOTES */;

-- Dump completed on 2023-04-07  8:51:15
